file,STOI_clean_vs_recon_clean,STOI_degraded_vs_recon_degraded,STOI_recon_clean_vs_recon_degraded
p345_249_airportAnnouncement_-5dB,0.698,0.913,0.691
p345_249_airportAnnouncement_10dB,0.698,0.798,0.874
p345_249_airportAnnouncement_0dB,0.698,0.887,0.746
p345_249_train_coming_5dB,0.698,0.8,0.717
p345_249_train_coming_-5dB,0.698,0.92,0.463
p345_249_babble_10dB,0.698,0.804,0.787
p345_249_babble_-5dB,0.698,0.974,0.382
p345_249_train_coming_0dB,0.698,0.856,0.59
p345_249_white_noise_-5dB,0.698,0.974,0.605
p345_249_white_noise_5dB,0.698,0.899,0.728
p345_249_babble_5dB,0.698,0.87,0.64
p345_249_white_noise_10dB,0.698,0.763,0.822
p345_249_white_noise_0dB,0.698,0.949,0.674
p345_249_airportAnnouncement_5dB,0.698,0.852,0.807
p345_249_babble_0dB,0.698,0.92,0.487
p345_249_train_coming_10dB,0.698,0.758,0.838
p283_025_white_noise_-5dB,0.785,0.982,0.574
p283_025_airportAnnouncement_-5dB,0.785,0.951,0.567
p283_025_train_coming_-5dB,0.785,0.955,0.476
p283_025_white_noise_5dB,0.785,0.932,0.738
p283_025_babble_0dB,0.785,0.954,0.523
p283_025_babble_5dB,0.785,0.927,0.646
p283_025_airportAnnouncement_10dB,0.785,0.908,0.788
p283_025_white_noise_0dB,0.785,0.964,0.659
p283_025_train_coming_10dB,0.785,0.859,0.788
p283_025_train_coming_0dB,0.785,0.919,0.588
p283_025_airportAnnouncement_5dB,0.785,0.915,0.722
p283_025_white_noise_10dB,0.785,0.859,0.811
p283_025_train_coming_5dB,0.785,0.887,0.695
p283_025_babble_-5dB,0.785,0.979,0.403
p283_025_airportAnnouncement_0dB,0.785,0.933,0.646
p283_025_babble_10dB,0.785,0.881,0.763
p281_079_white_noise_-5dB,0.825,0.973,0.635
p281_079_train_coming_-5dB,0.825,0.941,0.494
p281_079_babble_-5dB,0.825,0.976,0.435
p281_079_train_coming_5dB,0.825,0.879,0.775
p281_079_white_noise_0dB,0.825,0.951,0.734
p281_079_train_coming_0dB,0.825,0.897,0.634
p281_079_train_coming_10dB,0.825,0.865,0.874
p281_079_airportAnnouncement_10dB,0.825,0.87,0.875
p281_079_babble_10dB,0.825,0.889,0.859
p281_079_white_noise_5dB,0.825,0.923,0.823
p281_079_babble_0dB,0.825,0.945,0.607
p281_079_airportAnnouncement_5dB,0.825,0.901,0.802
p281_079_babble_5dB,0.825,0.921,0.747
p281_079_white_noise_10dB,0.825,0.842,0.901
p281_079_airportAnnouncement_-5dB,0.825,0.94,0.641
p281_079_airportAnnouncement_0dB,0.825,0.916,0.72
p249_241_train_coming_5dB,0.712,0.837,0.825
p249_241_airportAnnouncement_0dB,0.712,0.911,0.681
p249_241_train_coming_10dB,0.712,0.806,0.884
p249_241_white_noise_10dB,0.712,0.781,0.861
p249_241_train_coming_0dB,0.712,0.88,0.711
p249_241_white_noise_5dB,0.712,0.906,0.793
p249_241_babble_5dB,0.712,0.901,0.738
p249_241_white_noise_-5dB,0.712,0.982,0.694
p249_241_airportAnnouncement_-5dB,0.712,0.936,0.606
p249_241_babble_0dB,0.712,0.941,0.634
p249_241_white_noise_0dB,0.712,0.958,0.75
p249_241_airportAnnouncement_10dB,0.712,0.838,0.827
p249_241_babble_-5dB,0.712,0.979,0.523
p249_241_airportAnnouncement_5dB,0.712,0.879,0.748
p249_241_train_coming_-5dB,0.712,0.938,0.566
p249_241_babble_10dB,0.712,0.846,0.834
p245_132_train_coming_10dB,0.877,0.857,0.897
p245_132_babble_5dB,0.877,0.915,0.803
p245_132_airportAnnouncement_5dB,0.877,0.902,0.756
p245_132_babble_0dB,0.877,0.944,0.662
p245_132_babble_10dB,0.877,0.881,0.883
p245_132_airportAnnouncement_0dB,0.877,0.923,0.684
p245_132_white_noise_10dB,0.877,0.823,0.904
p245_132_white_noise_0dB,0.877,0.96,0.753
p245_132_airportAnnouncement_10dB,0.877,0.863,0.822
p245_132_babble_-5dB,0.877,0.977,0.481
p245_132_train_coming_-5dB,0.877,0.952,0.548
p245_132_white_noise_5dB,0.877,0.92,0.843
p245_132_train_coming_0dB,0.877,0.915,0.687
p245_132_airportAnnouncement_-5dB,0.877,0.953,0.626
p245_132_white_noise_-5dB,0.877,0.978,0.659
p245_132_train_coming_5dB,0.877,0.873,0.822
p323_083_white_noise_10dB,0.892,0.811,0.971
p323_083_train_coming_10dB,0.892,0.84,0.948
p323_083_babble_10dB,0.892,0.857,0.952
p323_083_airportAnnouncement_-5dB,0.892,0.956,0.761
p323_083_babble_0dB,0.892,0.957,0.838
p323_083_airportAnnouncement_5dB,0.892,0.92,0.908
p323_083_train_coming_0dB,0.892,0.928,0.838
p323_083_train_coming_-5dB,0.892,0.961,0.739
p323_083_airportAnnouncement_0dB,0.892,0.934,0.846
p323_083_white_noise_-5dB,0.892,0.981,0.848
p323_083_babble_-5dB,0.892,0.984,0.732
p323_083_airportAnnouncement_10dB,0.892,0.895,0.944
p323_083_white_noise_0dB,0.892,0.966,0.921
p323_083_train_coming_5dB,0.892,0.886,0.912
p323_083_white_noise_5dB,0.892,0.924,0.96
p323_083_babble_5dB,0.892,0.923,0.912
p272_330_train_coming_0dB,0.727,0.873,0.651
p272_330_white_noise_-5dB,0.727,0.976,0.631
p272_330_train_coming_-5dB,0.727,0.932,0.528
p272_330_airportAnnouncement_10dB,0.727,0.849,0.814
p272_330_babble_10dB,0.727,0.824,0.855
p272_330_babble_0dB,0.727,0.934,0.645
p272_330_airportAnnouncement_0dB,0.727,0.929,0.691
p272_330_babble_-5dB,0.727,0.975,0.527
p272_330_airportAnnouncement_-5dB,0.727,0.95,0.628
p272_330_white_noise_10dB,0.727,0.762,0.873
p272_330_train_coming_10dB,0.727,0.76,0.869
p272_330_white_noise_0dB,0.727,0.954,0.699
p272_330_train_coming_5dB,0.727,0.805,0.777
p272_330_white_noise_5dB,0.727,0.908,0.767
p272_330_airportAnnouncement_5dB,0.727,0.898,0.759
p272_330_babble_5dB,0.727,0.891,0.758
p305_175_babble_0dB,0.827,0.968,0.543
p305_175_white_noise_10dB,0.827,0.862,0.834
p305_175_train_coming_0dB,0.827,0.927,0.58
p305_175_white_noise_5dB,0.827,0.93,0.78
p305_175_train_coming_10dB,0.827,0.875,0.771
p305_175_train_coming_5dB,0.827,0.896,0.685
p305_175_airportAnnouncement_10dB,0.827,0.865,0.815
p305_175_train_coming_-5dB,0.827,0.957,0.488
p305_175_airportAnnouncement_-5dB,0.827,0.936,0.607
p305_175_babble_5dB,0.827,0.945,0.666
p305_175_white_noise_-5dB,0.827,0.977,0.577
p305_175_airportAnnouncement_5dB,0.827,0.89,0.766
p305_175_airportAnnouncement_0dB,0.827,0.913,0.716
p305_175_babble_10dB,0.827,0.907,0.762
p305_175_babble_-5dB,0.827,0.984,0.425
p305_175_white_noise_0dB,0.827,0.96,0.686
p360_188_train_coming_-5dB,0.779,0.947,0.552
p360_188_airportAnnouncement_-5dB,0.779,0.947,0.598
p360_188_babble_0dB,0.779,0.944,0.66
p360_188_airportAnnouncement_10dB,0.779,0.851,0.878
p360_188_white_noise_10dB,0.779,0.831,0.916
p360_188_babble_-5dB,0.779,0.977,0.524
p360_188_train_coming_0dB,0.779,0.901,0.698
p360_188_babble_10dB,0.779,0.874,0.866
p360_188_airportAnnouncement_5dB,0.779,0.894,0.803
p360_188_babble_5dB,0.779,0.917,0.78
p360_188_train_coming_10dB,0.779,0.845,0.9
p360_188_white_noise_-5dB,0.779,0.978,0.697
p360_188_airportAnnouncement_0dB,0.779,0.922,0.705
p360_188_white_noise_5dB,0.779,0.924,0.865
p360_188_white_noise_0dB,0.779,0.959,0.786
p360_188_train_coming_5dB,0.779,0.872,0.825
p336_344_airportAnnouncement_-5dB,0.809,0.952,0.772
p336_344_train_coming_5dB,0.809,0.896,0.855
p336_344_airportAnnouncement_0dB,0.809,0.933,0.837
p336_344_airportAnnouncement_10dB,0.809,0.88,0.927
p336_344_airportAnnouncement_5dB,0.809,0.911,0.886
p336_344_babble_-5dB,0.809,0.979,0.549
p336_344_train_coming_10dB,0.809,0.864,0.927
p336_344_babble_0dB,0.809,0.948,0.7
p336_344_white_noise_5dB,0.809,0.926,0.894
p336_344_babble_10dB,0.809,0.881,0.922
p336_344_white_noise_-5dB,0.809,0.979,0.703
p336_344_white_noise_10dB,0.809,0.834,0.945
p336_344_train_coming_0dB,0.809,0.93,0.752
p336_344_white_noise_0dB,0.809,0.96,0.811
p336_344_train_coming_-5dB,0.809,0.959,0.643
p336_344_babble_5dB,0.809,0.914,0.841
p316_122_babble_-5dB,0.749,0.977,0.491
p316_122_white_noise_-5dB,0.749,0.978,0.664
p316_122_train_coming_5dB,0.749,0.827,0.823
p316_122_airportAnnouncement_10dB,0.749,0.857,0.837
p316_122_white_noise_5dB,0.749,0.912,0.827
p316_122_white_noise_10dB,0.749,0.782,0.891
p316_122_train_coming_0dB,0.749,0.873,0.708
p316_122_babble_0dB,0.749,0.946,0.64
p316_122_airportAnnouncement_-5dB,0.749,0.949,0.64
p316_122_babble_5dB,0.749,0.91,0.766
p316_122_train_coming_-5dB,0.749,0.935,0.564
p316_122_airportAnnouncement_0dB,0.749,0.926,0.711
p316_122_train_coming_10dB,0.749,0.8,0.891
p316_122_white_noise_0dB,0.749,0.957,0.753
p316_122_airportAnnouncement_5dB,0.749,0.901,0.782
p316_122_babble_10dB,0.749,0.848,0.863
p304_081_white_noise_5dB,0.827,0.918,0.918
p304_081_airportAnnouncement_10dB,0.827,0.856,0.959
p304_081_airportAnnouncement_5dB,0.827,0.895,0.931
p304_081_white_noise_0dB,0.827,0.961,0.848
p304_081_train_coming_5dB,0.827,0.864,0.891
p304_081_babble_5dB,0.827,0.936,0.889
p304_081_train_coming_0dB,0.827,0.911,0.813
p304_081_babble_10dB,0.827,0.88,0.943
p304_081_babble_0dB,0.827,0.964,0.802
p304_081_white_noise_10dB,0.827,0.802,0.957
p304_081_airportAnnouncement_-5dB,0.827,0.946,0.816
p304_081_train_coming_10dB,0.827,0.807,0.94
p304_081_babble_-5dB,0.827,0.984,0.684
p304_081_white_noise_-5dB,0.827,0.98,0.761
p304_081_airportAnnouncement_0dB,0.827,0.922,0.883
p304_081_train_coming_-5dB,0.827,0.953,0.698
p360_160_white_noise_0dB,0.738,0.954,0.769
p360_160_babble_0dB,0.738,0.95,0.661
p360_160_train_coming_0dB,0.738,0.899,0.648
p360_160_white_noise_-5dB,0.738,0.976,0.68
p360_160_babble_5dB,0.738,0.904,0.778
p360_160_airportAnnouncement_0dB,0.738,0.923,0.757
p360_160_train_coming_5dB,0.738,0.861,0.756
p360_160_train_coming_-5dB,0.738,0.952,0.5
p360_160_airportAnnouncement_10dB,0.738,0.861,0.843
p360_160_train_coming_10dB,0.738,0.805,0.846
p360_160_airportAnnouncement_-5dB,0.738,0.948,0.685
p360_160_white_noise_10dB,0.738,0.788,0.862
p360_160_babble_10dB,0.738,0.857,0.851
p360_160_white_noise_5dB,0.738,0.911,0.821
p360_160_airportAnnouncement_5dB,0.738,0.892,0.806
p360_160_babble_-5dB,0.738,0.978,0.516
p303_050_white_noise_0dB,0.861,0.959,0.732
p303_050_white_noise_5dB,0.861,0.93,0.816
p303_050_train_coming_5dB,0.861,0.868,0.772
p303_050_white_noise_10dB,0.861,0.846,0.878
p303_050_babble_5dB,0.861,0.941,0.747
p303_050_babble_10dB,0.861,0.899,0.847
p303_050_babble_0dB,0.861,0.962,0.624
p303_050_airportAnnouncement_5dB,0.861,0.903,0.819
p303_050_white_noise_-5dB,0.861,0.978,0.637
p303_050_airportAnnouncement_0dB,0.861,0.914,0.745
p303_050_train_coming_-5dB,0.861,0.944,0.54
p303_050_train_coming_10dB,0.861,0.836,0.856
p303_050_airportAnnouncement_10dB,0.861,0.881,0.876
p303_050_babble_-5dB,0.861,0.983,0.496
p303_050_airportAnnouncement_-5dB,0.861,0.936,0.656
p303_050_train_coming_0dB,0.861,0.91,0.662
p281_085_train_coming_5dB,0.778,0.838,0.84
p281_085_train_coming_0dB,0.778,0.889,0.734
p281_085_train_coming_-5dB,0.778,0.94,0.604
p281_085_babble_10dB,0.778,0.858,0.853
p281_085_white_noise_10dB,0.778,0.788,0.895
p281_085_train_coming_10dB,0.778,0.811,0.897
p281_085_white_noise_0dB,0.778,0.954,0.773
p281_085_white_noise_-5dB,0.778,0.978,0.688
p281_085_airportAnnouncement_0dB,0.778,0.922,0.707
p281_085_airportAnnouncement_-5dB,0.778,0.945,0.637
p281_085_white_noise_5dB,0.778,0.91,0.832
p281_085_babble_-5dB,0.778,0.977,0.528
p281_085_babble_0dB,0.778,0.947,0.641
p281_085_babble_5dB,0.778,0.917,0.761
p281_085_airportAnnouncement_5dB,0.778,0.901,0.777
p281_085_airportAnnouncement_10dB,0.778,0.869,0.833
p284_184_airportAnnouncement_-5dB,0.903,0.965,0.729
p284_184_babble_0dB,0.903,0.962,0.732
p284_184_airportAnnouncement_10dB,0.903,0.914,0.917
p284_184_white_noise_10dB,0.903,0.89,0.939
p284_184_train_coming_5dB,0.903,0.92,0.873
p284_184_white_noise_0dB,0.903,0.965,0.825
p284_184_train_coming_-5dB,0.903,0.968,0.674
p284_184_white_noise_5dB,0.903,0.945,0.898
p284_184_babble_-5dB,0.903,0.981,0.601
p284_184_airportAnnouncement_5dB,0.903,0.937,0.866
p284_184_train_coming_10dB,0.903,0.913,0.928
p284_184_airportAnnouncement_0dB,0.903,0.949,0.801
p284_184_babble_5dB,0.903,0.95,0.845
p284_184_babble_10dB,0.903,0.921,0.912
p284_184_train_coming_0dB,0.903,0.945,0.783
p284_184_white_noise_-5dB,0.903,0.981,0.744
p333_075_train_coming_5dB,0.835,0.859,0.776
p333_075_white_noise_-5dB,0.835,0.979,0.665
p333_075_white_noise_5dB,0.835,0.918,0.811
p333_075_babble_-5dB,0.835,0.976,0.477
p333_075_airportAnnouncement_10dB,0.835,0.87,0.848
p333_075_white_noise_0dB,0.835,0.959,0.757
p333_075_white_noise_10dB,0.835,0.809,0.872
p333_075_babble_0dB,0.835,0.943,0.617
p333_075_airportAnnouncement_0dB,0.835,0.932,0.761
p333_075_train_coming_10dB,0.835,0.817,0.854
p333_075_airportAnnouncement_-5dB,0.835,0.954,0.707
p333_075_babble_10dB,0.835,0.86,0.84
p333_075_train_coming_-5dB,0.835,0.955,0.551
p333_075_babble_5dB,0.835,0.909,0.756
p333_075_train_coming_0dB,0.835,0.913,0.671
p333_075_airportAnnouncement_5dB,0.835,0.905,0.81
p275_034_airportAnnouncement_0dB,0.837,0.899,0.676
p275_034_train_coming_0dB,0.837,0.906,0.739
p275_034_airportAnnouncement_10dB,0.837,0.855,0.844
p275_034_white_noise_-5dB,0.837,0.978,0.651
p275_034_white_noise_0dB,0.837,0.956,0.736
p275_034_babble_5dB,0.837,0.929,0.784
p275_034_babble_0dB,0.837,0.956,0.678
p275_034_train_coming_-5dB,0.837,0.947,0.617
p275_034_train_coming_10dB,0.837,0.858,0.892
p275_034_train_coming_5dB,0.837,0.889,0.841
p275_034_babble_-5dB,0.837,0.98,0.56
p275_034_airportAnnouncement_5dB,0.837,0.879,0.766
p275_034_white_noise_10dB,0.837,0.819,0.901
p275_034_white_noise_5dB,0.837,0.918,0.816
p275_034_airportAnnouncement_-5dB,0.837,0.93,0.592
p275_034_babble_10dB,0.837,0.887,0.864
p246_020_white_noise_0dB,0.811,0.953,0.755
p246_020_babble_-5dB,0.811,0.98,0.552
p246_020_white_noise_-5dB,0.811,0.973,0.657
p246_020_babble_5dB,0.811,0.928,0.803
p246_020_airportAnnouncement_10dB,0.811,0.887,0.828
p246_020_airportAnnouncement_-5dB,0.811,0.944,0.569
p246_020_babble_0dB,0.811,0.956,0.688
p246_020_airportAnnouncement_0dB,0.811,0.928,0.663
p246_020_babble_10dB,0.811,0.878,0.88
p246_020_white_noise_5dB,0.811,0.925,0.842
p246_020_train_coming_10dB,0.811,0.841,0.906
p246_020_white_noise_10dB,0.811,0.846,0.901
p246_020_airportAnnouncement_5dB,0.811,0.907,0.754
p246_020_train_coming_0dB,0.811,0.916,0.726
p246_020_train_coming_-5dB,0.811,0.943,0.594
p246_020_train_coming_5dB,0.811,0.872,0.838
p245_200_babble_10dB,0.809,0.864,0.791
p245_200_babble_-5dB,0.809,0.972,0.396
p245_200_airportAnnouncement_0dB,0.809,0.916,0.636
p245_200_white_noise_-5dB,0.809,0.978,0.624
p245_200_white_noise_5dB,0.809,0.912,0.764
p245_200_babble_0dB,0.809,0.945,0.526
p245_200_white_noise_10dB,0.809,0.815,0.829
p245_200_white_noise_0dB,0.809,0.958,0.701
p245_200_babble_5dB,0.809,0.919,0.666
p245_200_train_coming_5dB,0.809,0.861,0.727
p245_200_airportAnnouncement_10dB,0.809,0.876,0.797
p245_200_airportAnnouncement_-5dB,0.809,0.939,0.554
p245_200_train_coming_-5dB,0.809,0.942,0.499
p245_200_train_coming_10dB,0.809,0.834,0.815
p245_200_train_coming_0dB,0.809,0.894,0.617
p245_200_airportAnnouncement_5dB,0.809,0.901,0.714
p295_040_train_coming_5dB,0.819,0.886,0.826
p295_040_airportAnnouncement_5dB,0.819,0.923,0.85
p295_040_airportAnnouncement_0dB,0.819,0.943,0.792
p295_040_airportAnnouncement_-5dB,0.819,0.96,0.723
p295_040_white_noise_10dB,0.819,0.845,0.924
p295_040_babble_10dB,0.819,0.923,0.89
p295_040_babble_0dB,0.819,0.961,0.719
p295_040_white_noise_5dB,0.819,0.939,0.876
p295_040_white_noise_0dB,0.819,0.967,0.81
p295_040_train_coming_-5dB,0.819,0.954,0.602
p295_040_babble_-5dB,0.819,0.981,0.575
p295_040_train_coming_0dB,0.819,0.922,0.726
p295_040_airportAnnouncement_10dB,0.819,0.888,0.901
p295_040_babble_5dB,0.819,0.949,0.821
p295_040_white_noise_-5dB,0.819,0.984,0.705
p295_040_train_coming_10dB,0.819,0.863,0.891
p237_073_airportAnnouncement_0dB,0.688,0.914,0.692
p237_073_white_noise_10dB,0.688,0.756,0.873
p237_073_babble_10dB,0.688,0.823,0.834
p237_073_babble_0dB,0.688,0.935,0.633
p237_073_airportAnnouncement_5dB,0.688,0.885,0.771
p237_073_white_noise_5dB,0.688,0.895,0.78
p237_073_airportAnnouncement_10dB,0.688,0.833,0.838
p237_073_train_coming_-5dB,0.688,0.931,0.576
p237_073_white_noise_-5dB,0.688,0.98,0.629
p237_073_airportAnnouncement_-5dB,0.688,0.942,0.628
p237_073_babble_-5dB,0.688,0.973,0.513
p237_073_train_coming_10dB,0.688,0.782,0.876
p237_073_train_coming_0dB,0.688,0.869,0.696
p237_073_babble_5dB,0.688,0.896,0.737
p237_073_white_noise_0dB,0.688,0.956,0.705
p237_073_train_coming_5dB,0.688,0.825,0.794
p363_422_train_coming_10dB,0.726,0.782,0.855
p363_422_babble_0dB,0.726,0.933,0.574
p363_422_train_coming_0dB,0.726,0.894,0.649
p363_422_airportAnnouncement_10dB,0.726,0.833,0.862
p363_422_babble_10dB,0.726,0.839,0.817
p363_422_airportAnnouncement_-5dB,0.726,0.949,0.643
p363_422_white_noise_-5dB,0.726,0.978,0.602
p363_422_babble_-5dB,0.726,0.976,0.411
p363_422_train_coming_5dB,0.726,0.836,0.766
p363_422_babble_5dB,0.726,0.888,0.72
p363_422_white_noise_10dB,0.726,0.782,0.862
p363_422_airportAnnouncement_0dB,0.726,0.914,0.731
p363_422_white_noise_0dB,0.726,0.957,0.696
p363_422_airportAnnouncement_5dB,0.726,0.876,0.813
p363_422_white_noise_5dB,0.726,0.914,0.776
p363_422_train_coming_-5dB,0.726,0.942,0.475
p271_143_white_noise_10dB,0.889,0.902,0.904
p271_143_babble_0dB,0.889,0.958,0.64
p271_143_babble_5dB,0.889,0.938,0.772
p271_143_babble_10dB,0.889,0.912,0.874
p271_143_white_noise_5dB,0.889,0.943,0.849
p271_143_babble_-5dB,0.889,0.981,0.498
p271_143_train_coming_0dB,0.889,0.928,0.694
p271_143_airportAnnouncement_-5dB,0.889,0.955,0.682
p271_143_train_coming_10dB,0.889,0.909,0.883
p271_143_airportAnnouncement_5dB,0.889,0.935,0.837
p271_143_train_coming_-5dB,0.889,0.945,0.561
p271_143_white_noise_0dB,0.889,0.965,0.775
p271_143_airportAnnouncement_10dB,0.889,0.913,0.893
p271_143_airportAnnouncement_0dB,0.889,0.944,0.762
p271_143_train_coming_5dB,0.889,0.916,0.801
p271_143_white_noise_-5dB,0.889,0.978,0.667
p303_055_babble_5dB,0.776,0.927,0.661
p303_055_babble_0dB,0.776,0.958,0.54
p303_055_white_noise_5dB,0.776,0.917,0.738
p303_055_airportAnnouncement_-5dB,0.776,0.936,0.554
p303_055_train_coming_-5dB,0.776,0.938,0.456
p303_055_train_coming_10dB,0.776,0.81,0.795
p303_055_airportAnnouncement_5dB,0.776,0.895,0.717
p303_055_white_noise_0dB,0.776,0.957,0.656
p303_055_train_coming_5dB,0.776,0.833,0.7
p303_055_babble_10dB,0.776,0.864,0.769
p303_055_white_noise_10dB,0.776,0.819,0.819
p303_055_babble_-5dB,0.776,0.983,0.418
p303_055_airportAnnouncement_10dB,0.776,0.867,0.789
p303_055_airportAnnouncement_0dB,0.776,0.916,0.636
p303_055_white_noise_-5dB,0.776,0.978,0.562
p303_055_train_coming_0dB,0.776,0.891,0.583
p345_385_white_noise_-5dB,0.768,0.979,0.639
p345_385_white_noise_0dB,0.768,0.955,0.72
p345_385_babble_-5dB,0.768,0.97,0.543
p345_385_airportAnnouncement_10dB,0.768,0.845,0.85
p345_385_white_noise_5dB,0.768,0.908,0.796
p345_385_train_coming_-5dB,0.768,0.932,0.561
p345_385_airportAnnouncement_0dB,0.768,0.922,0.72
p345_385_white_noise_10dB,0.768,0.769,0.876
p345_385_train_coming_0dB,0.768,0.873,0.679
p345_385_airportAnnouncement_5dB,0.768,0.893,0.779
p345_385_babble_5dB,0.768,0.884,0.782
p345_385_babble_0dB,0.768,0.922,0.664
p345_385_train_coming_10dB,0.768,0.776,0.871
p345_385_airportAnnouncement_-5dB,0.768,0.941,0.653
p345_385_babble_10dB,0.768,0.83,0.869
p345_385_train_coming_5dB,0.768,0.815,0.792
p292_058_airportAnnouncement_5dB,0.76,0.911,0.857
p292_058_train_coming_10dB,0.76,0.846,0.921
p292_058_white_noise_-5dB,0.76,0.98,0.737
p292_058_airportAnnouncement_0dB,0.76,0.942,0.794
p292_058_airportAnnouncement_-5dB,0.76,0.965,0.727
p292_058_white_noise_5dB,0.76,0.927,0.882
p292_058_babble_0dB,0.76,0.935,0.739
p292_058_train_coming_0dB,0.76,0.917,0.771
p292_058_white_noise_0dB,0.76,0.961,0.812
p292_058_white_noise_10dB,0.76,0.84,0.937
p292_058_airportAnnouncement_10dB,0.76,0.873,0.907
p292_058_train_coming_5dB,0.76,0.878,0.868
p292_058_babble_5dB,0.76,0.901,0.841
p292_058_babble_-5dB,0.76,0.973,0.62
p292_058_train_coming_-5dB,0.76,0.952,0.649
p292_058_babble_10dB,0.76,0.863,0.91
p275_036_babble_-5dB,0.846,0.982,0.542
p275_036_airportAnnouncement_5dB,0.846,0.919,0.748
p275_036_train_coming_-5dB,0.846,0.958,0.538
p275_036_train_coming_0dB,0.846,0.926,0.672
p275_036_white_noise_10dB,0.846,0.836,0.886
p275_036_white_noise_0dB,0.846,0.961,0.738
p275_036_babble_0dB,0.846,0.956,0.673
p275_036_white_noise_5dB,0.846,0.925,0.807
p275_036_train_coming_10dB,0.846,0.864,0.878
p275_036_babble_5dB,0.846,0.926,0.783
p275_036_train_coming_5dB,0.846,0.886,0.789
p275_036_airportAnnouncement_-5dB,0.846,0.957,0.624
p275_036_airportAnnouncement_10dB,0.846,0.893,0.805
p275_036_babble_10dB,0.846,0.889,0.865
p275_036_white_noise_-5dB,0.846,0.98,0.655
p275_036_airportAnnouncement_0dB,0.846,0.936,0.69
p310_212_white_noise_10dB,0.805,0.803,0.885
p310_212_airportAnnouncement_10dB,0.805,0.862,0.848
p310_212_train_coming_10dB,0.805,0.832,0.834
p310_212_babble_0dB,0.805,0.946,0.669
p310_212_train_coming_5dB,0.805,0.872,0.755
p310_212_white_noise_-5dB,0.805,0.977,0.678
p310_212_white_noise_0dB,0.805,0.951,0.755
p310_212_train_coming_0dB,0.805,0.916,0.656
p310_212_airportAnnouncement_5dB,0.805,0.896,0.804
p310_212_babble_5dB,0.805,0.905,0.782
p310_212_white_noise_5dB,0.805,0.91,0.835
p310_212_airportAnnouncement_0dB,0.805,0.914,0.74
p310_212_babble_10dB,0.805,0.858,0.861
p310_212_airportAnnouncement_-5dB,0.805,0.933,0.669
p310_212_babble_-5dB,0.805,0.976,0.549
p310_212_train_coming_-5dB,0.805,0.953,0.559
p255_125_train_coming_-5dB,0.805,0.948,0.628
p255_125_babble_0dB,0.805,0.96,0.704
p255_125_babble_10dB,0.805,0.89,0.903
p255_125_airportAnnouncement_0dB,0.805,0.932,0.703
p255_125_white_noise_5dB,0.805,0.937,0.867
p255_125_train_coming_0dB,0.805,0.918,0.763
p255_125_airportAnnouncement_5dB,0.805,0.918,0.792
p255_125_white_noise_0dB,0.805,0.967,0.807
p255_125_white_noise_10dB,0.805,0.852,0.921
p255_125_babble_5dB,0.805,0.93,0.829
p255_125_train_coming_5dB,0.805,0.891,0.859
p255_125_airportAnnouncement_10dB,0.805,0.9,0.868
p255_125_train_coming_10dB,0.805,0.866,0.911
p255_125_airportAnnouncement_-5dB,0.805,0.948,0.602
p255_125_white_noise_-5dB,0.805,0.984,0.699
p255_125_babble_-5dB,0.805,0.983,0.551
p314_166_white_noise_-5dB,0.783,0.982,0.707
p314_166_white_noise_0dB,0.783,0.961,0.793
p314_166_babble_5dB,0.783,0.93,0.788
p314_166_train_coming_10dB,0.783,0.815,0.887
p314_166_airportAnnouncement_-5dB,0.783,0.964,0.645
p314_166_airportAnnouncement_5dB,0.783,0.928,0.784
p314_166_babble_10dB,0.783,0.876,0.877
p314_166_white_noise_5dB,0.783,0.921,0.851
p314_166_train_coming_-5dB,0.783,0.954,0.597
p314_166_babble_0dB,0.783,0.961,0.679
p314_166_train_coming_5dB,0.783,0.855,0.81
p314_166_babble_-5dB,0.783,0.983,0.556
p314_166_airportAnnouncement_0dB,0.783,0.947,0.713
p314_166_train_coming_0dB,0.783,0.914,0.706
p314_166_airportAnnouncement_10dB,0.783,0.888,0.843
p314_166_white_noise_10dB,0.783,0.812,0.894
p292_057_white_noise_0dB,0.711,0.954,0.669
p292_057_babble_-5dB,0.711,0.977,0.435
p292_057_train_coming_0dB,0.711,0.876,0.616
p292_057_train_coming_10dB,0.711,0.79,0.84
p292_057_white_noise_-5dB,0.711,0.978,0.583
p292_057_train_coming_5dB,0.711,0.832,0.736
p292_057_white_noise_10dB,0.711,0.764,0.855
p292_057_airportAnnouncement_5dB,0.711,0.858,0.775
p292_057_babble_10dB,0.711,0.831,0.797
p292_057_airportAnnouncement_-5dB,0.711,0.932,0.611
p292_057_babble_0dB,0.711,0.943,0.568
p292_057_white_noise_5dB,0.711,0.902,0.756
p292_057_airportAnnouncement_0dB,0.711,0.896,0.698
p292_057_train_coming_-5dB,0.711,0.938,0.458
p292_057_airportAnnouncement_10dB,0.711,0.817,0.835
p292_057_babble_5dB,0.711,0.893,0.69
p251_038_train_coming_10dB,0.824,0.855,0.875
p251_038_white_noise_-5dB,0.824,0.981,0.643
p251_038_airportAnnouncement_10dB,0.824,0.887,0.818
p251_038_airportAnnouncement_-5dB,0.824,0.946,0.589
p251_038_babble_10dB,0.824,0.87,0.838
p251_038_airportAnnouncement_0dB,0.824,0.921,0.672
p251_038_white_noise_5dB,0.824,0.922,0.805
p251_038_airportAnnouncement_5dB,0.824,0.908,0.748
p251_038_white_noise_0dB,0.824,0.961,0.723
p251_038_babble_-5dB,0.824,0.976,0.441
p251_038_babble_5dB,0.824,0.914,0.737
p251_038_white_noise_10dB,0.824,0.834,0.874
p251_038_babble_0dB,0.824,0.94,0.597
p251_038_train_coming_5dB,0.824,0.865,0.8
p251_038_train_coming_-5dB,0.824,0.943,0.545
p251_038_train_coming_0dB,0.824,0.894,0.689
p299_074_train_coming_0dB,0.838,0.928,0.798
p299_074_babble_0dB,0.838,0.952,0.746
p299_074_white_noise_10dB,0.838,0.833,0.929
p299_074_white_noise_0dB,0.838,0.967,0.858
p299_074_airportAnnouncement_5dB,0.838,0.912,0.867
p299_074_white_noise_5dB,0.838,0.932,0.91
p299_074_train_coming_5dB,0.838,0.886,0.872
p299_074_train_coming_10dB,0.838,0.846,0.915
p299_074_airportAnnouncement_0dB,0.838,0.935,0.806
p299_074_airportAnnouncement_10dB,0.838,0.873,0.908
p299_074_train_coming_-5dB,0.838,0.957,0.694
p299_074_babble_-5dB,0.838,0.983,0.622
p299_074_airportAnnouncement_-5dB,0.838,0.962,0.741
p299_074_babble_5dB,0.838,0.924,0.837
p299_074_babble_10dB,0.838,0.889,0.891
p299_074_white_noise_-5dB,0.838,0.984,0.764
p266_002_babble_-5dB,0.722,0.982,0.288
p266_002_white_noise_-5dB,0.722,0.977,0.523
p266_002_train_coming_5dB,0.722,0.871,0.602
p266_002_babble_10dB,0.722,0.885,0.651
p266_002_white_noise_5dB,0.722,0.922,0.653
p266_002_train_coming_10dB,0.722,0.845,0.707
p266_002_white_noise_10dB,0.722,0.845,0.708
p266_002_airportAnnouncement_5dB,0.722,0.898,0.619
p266_002_babble_0dB,0.722,0.959,0.399
p266_002_white_noise_0dB,0.722,0.959,0.6
p266_002_airportAnnouncement_10dB,0.722,0.879,0.687
p266_002_airportAnnouncement_0dB,0.722,0.917,0.559
p266_002_airportAnnouncement_-5dB,0.722,0.933,0.488
p266_002_train_coming_-5dB,0.722,0.946,0.34
p266_002_train_coming_0dB,0.722,0.908,0.467
p266_002_babble_5dB,0.722,0.934,0.523
p271_009_white_noise_0dB,0.871,0.967,0.744
p271_009_airportAnnouncement_5dB,0.871,0.921,0.781
p271_009_airportAnnouncement_-5dB,0.871,0.945,0.643
p271_009_babble_-5dB,0.871,0.98,0.497
p271_009_train_coming_-5dB,0.871,0.938,0.563
p271_009_train_coming_10dB,0.871,0.863,0.857
p271_009_babble_10dB,0.871,0.887,0.842
p271_009_white_noise_-5dB,0.871,0.982,0.646
p271_009_babble_5dB,0.871,0.93,0.744
p271_009_airportAnnouncement_0dB,0.871,0.932,0.711
p271_009_train_coming_5dB,0.871,0.864,0.784
p271_009_white_noise_5dB,0.871,0.938,0.812
p271_009_white_noise_10dB,0.871,0.862,0.868
p271_009_train_coming_0dB,0.871,0.895,0.679
p271_009_babble_0dB,0.871,0.957,0.617
p271_009_airportAnnouncement_10dB,0.871,0.904,0.837
p302_244_train_coming_-5dB,0.807,0.945,0.557
p302_244_airportAnnouncement_5dB,0.807,0.909,0.814
p302_244_babble_0dB,0.807,0.953,0.656
p302_244_white_noise_10dB,0.807,0.834,0.872
p302_244_babble_5dB,0.807,0.928,0.77
p302_244_airportAnnouncement_10dB,0.807,0.888,0.863
p302_244_train_coming_0dB,0.807,0.898,0.682
p302_244_white_noise_0dB,0.807,0.963,0.739
p302_244_airportAnnouncement_0dB,0.807,0.924,0.754
p302_244_white_noise_-5dB,0.807,0.982,0.666
p302_244_train_coming_5dB,0.807,0.856,0.796
p302_244_airportAnnouncement_-5dB,0.807,0.943,0.683
p302_244_babble_-5dB,0.807,0.98,0.516
p302_244_white_noise_5dB,0.807,0.929,0.806
p302_244_babble_10dB,0.807,0.889,0.851
p302_244_train_coming_10dB,0.807,0.833,0.867
p272_011_white_noise_10dB,0.767,0.812,0.859
p272_011_airportAnnouncement_-5dB,0.767,0.947,0.611
p272_011_babble_5dB,0.767,0.896,0.749
p272_011_babble_10dB,0.767,0.854,0.848
p272_011_white_noise_5dB,0.767,0.923,0.751
p272_011_train_coming_0dB,0.767,0.895,0.668
p272_011_white_noise_0dB,0.767,0.96,0.674
p272_011_babble_-5dB,0.767,0.974,0.482
p272_011_airportAnnouncement_0dB,0.767,0.921,0.689
p272_011_train_coming_10dB,0.767,0.811,0.865
p272_011_babble_0dB,0.767,0.938,0.612
p272_011_white_noise_-5dB,0.767,0.981,0.593
p272_011_airportAnnouncement_10dB,0.767,0.87,0.822
p272_011_train_coming_5dB,0.767,0.847,0.776
p272_011_airportAnnouncement_5dB,0.767,0.903,0.756
p272_011_train_coming_-5dB,0.767,0.944,0.532
p263_013_babble_-5dB,0.832,0.978,0.463
p263_013_airportAnnouncement_5dB,0.832,0.863,0.781
p263_013_train_coming_0dB,0.832,0.875,0.653
p263_013_white_noise_0dB,0.832,0.952,0.717
p263_013_white_noise_5dB,0.832,0.916,0.799
p263_013_airportAnnouncement_0dB,0.832,0.886,0.69
p263_013_airportAnnouncement_10dB,0.832,0.84,0.856
p263_013_white_noise_-5dB,0.832,0.974,0.627
p263_013_white_noise_10dB,0.832,0.819,0.868
p263_013_babble_10dB,0.832,0.859,0.849
p263_013_babble_5dB,0.832,0.916,0.747
p263_013_train_coming_5dB,0.832,0.833,0.789
p263_013_babble_0dB,0.832,0.947,0.61
p263_013_airportAnnouncement_-5dB,0.832,0.917,0.597
p263_013_train_coming_-5dB,0.832,0.928,0.506
p263_013_train_coming_10dB,0.832,0.801,0.882
p316_128_white_noise_-5dB,0.764,0.98,0.681
p316_128_white_noise_0dB,0.764,0.958,0.797
p316_128_babble_0dB,0.764,0.941,0.682
p316_128_train_coming_0dB,0.764,0.906,0.75
p316_128_babble_-5dB,0.764,0.976,0.505
p316_128_train_coming_10dB,0.764,0.843,0.922
p316_128_airportAnnouncement_-5dB,0.764,0.953,0.715
p316_128_babble_10dB,0.764,0.875,0.918
p316_128_airportAnnouncement_0dB,0.764,0.929,0.789
p316_128_white_noise_5dB,0.764,0.92,0.884
p316_128_train_coming_-5dB,0.764,0.949,0.611
p316_128_train_coming_5dB,0.764,0.868,0.865
p316_128_white_noise_10dB,0.764,0.828,0.937
p316_128_babble_5dB,0.764,0.911,0.823
p316_128_airportAnnouncement_5dB,0.764,0.9,0.867
p316_128_airportAnnouncement_10dB,0.764,0.867,0.923
p265_029_train_coming_10dB,0.737,0.782,0.893
p265_029_airportAnnouncement_5dB,0.737,0.887,0.854
p265_029_babble_-5dB,0.737,0.98,0.563
p265_029_babble_0dB,0.737,0.948,0.703
p265_029_babble_5dB,0.737,0.913,0.805
p265_029_airportAnnouncement_10dB,0.737,0.851,0.89
p265_029_white_noise_10dB,0.737,0.797,0.879
p265_029_train_coming_5dB,0.737,0.827,0.823
p265_029_babble_10dB,0.737,0.856,0.866
p265_029_train_coming_0dB,0.737,0.89,0.718
p265_029_airportAnnouncement_0dB,0.737,0.904,0.802
p265_029_white_noise_-5dB,0.737,0.983,0.676
p265_029_airportAnnouncement_-5dB,0.737,0.939,0.754
p265_029_train_coming_-5dB,0.737,0.941,0.606
p265_029_white_noise_5dB,0.737,0.92,0.81
p265_029_white_noise_0dB,0.737,0.961,0.754
p255_078_babble_5dB,0.838,0.932,0.759
p255_078_white_noise_0dB,0.838,0.964,0.771
p255_078_white_noise_10dB,0.838,0.857,0.866
p255_078_white_noise_5dB,0.838,0.928,0.826
p255_078_train_coming_-5dB,0.838,0.959,0.604
p255_078_white_noise_-5dB,0.838,0.984,0.7
p255_078_babble_10dB,0.838,0.906,0.838
p255_078_train_coming_5dB,0.838,0.906,0.798
p255_078_airportAnnouncement_0dB,0.838,0.947,0.721
p255_078_train_coming_10dB,0.838,0.885,0.866
p255_078_babble_-5dB,0.838,0.981,0.542
p255_078_airportAnnouncement_5dB,0.838,0.927,0.776
p255_078_airportAnnouncement_-5dB,0.838,0.958,0.659
p255_078_babble_0dB,0.838,0.958,0.651
p255_078_train_coming_0dB,0.838,0.935,0.712
p255_078_airportAnnouncement_10dB,0.838,0.91,0.826
p265_031_airportAnnouncement_10dB,0.811,0.882,0.745
p265_031_white_noise_10dB,0.811,0.813,0.817
p265_031_babble_5dB,0.811,0.91,0.664
p265_031_white_noise_5dB,0.811,0.918,0.74
p265_031_white_noise_-5dB,0.811,0.979,0.586
p265_031_train_coming_-5dB,0.811,0.931,0.463
p265_031_train_coming_0dB,0.811,0.877,0.582
p265_031_babble_-5dB,0.811,0.98,0.407
p265_031_airportAnnouncement_-5dB,0.811,0.944,0.526
p265_031_white_noise_0dB,0.811,0.958,0.668
p265_031_airportAnnouncement_0dB,0.811,0.919,0.594
p265_031_train_coming_10dB,0.811,0.811,0.802
p265_031_babble_10dB,0.811,0.849,0.787
p265_031_babble_0dB,0.811,0.949,0.53
p265_031_airportAnnouncement_5dB,0.811,0.899,0.664
p265_031_train_coming_5dB,0.811,0.826,0.706
p314_164_babble_0dB,0.736,0.948,0.692
p314_164_babble_5dB,0.736,0.918,0.786
p314_164_airportAnnouncement_-5dB,0.736,0.954,0.696
p314_164_white_noise_-5dB,0.736,0.982,0.654
p314_164_white_noise_5dB,0.736,0.921,0.836
p314_164_white_noise_10dB,0.736,0.808,0.886
p314_164_train_coming_-5dB,0.736,0.952,0.553
p314_164_white_noise_0dB,0.736,0.962,0.751
p314_164_train_coming_10dB,0.736,0.811,0.868
p314_164_babble_10dB,0.736,0.869,0.865
p314_164_babble_-5dB,0.736,0.98,0.563
p314_164_train_coming_5dB,0.736,0.844,0.8
p314_164_train_coming_0dB,0.736,0.904,0.697
p314_164_airportAnnouncement_5dB,0.736,0.907,0.814
p314_164_airportAnnouncement_10dB,0.736,0.862,0.859
p314_164_airportAnnouncement_0dB,0.736,0.934,0.762
p285_060_airportAnnouncement_5dB,0.862,0.938,0.822
p285_060_train_coming_10dB,0.862,0.903,0.926
p285_060_white_noise_0dB,0.862,0.973,0.832
p285_060_white_noise_5dB,0.862,0.952,0.9
p285_060_train_coming_0dB,0.862,0.942,0.759
p285_060_airportAnnouncement_-5dB,0.862,0.964,0.683
p285_060_babble_10dB,0.862,0.934,0.907
p285_060_airportAnnouncement_0dB,0.862,0.949,0.755
p285_060_airportAnnouncement_10dB,0.862,0.916,0.885
p285_060_babble_5dB,0.862,0.958,0.831
p285_060_white_noise_10dB,0.862,0.908,0.941
p285_060_babble_0dB,0.862,0.971,0.723
p285_060_train_coming_5dB,0.862,0.916,0.87
p285_060_train_coming_-5dB,0.862,0.963,0.629
p285_060_babble_-5dB,0.862,0.985,0.599
p285_060_white_noise_-5dB,0.862,0.983,0.734
p312_205_white_noise_5dB,0.87,0.936,0.818
p312_205_airportAnnouncement_10dB,0.87,0.881,0.9
p312_205_train_coming_5dB,0.87,0.883,0.805
p312_205_airportAnnouncement_0dB,0.87,0.928,0.772
p312_205_airportAnnouncement_5dB,0.87,0.911,0.846
p312_205_train_coming_10dB,0.87,0.859,0.885
p312_205_babble_5dB,0.87,0.931,0.757
p312_205_babble_0dB,0.87,0.958,0.631
p312_205_babble_10dB,0.87,0.886,0.862
p312_205_white_noise_0dB,0.87,0.964,0.747
p312_205_babble_-5dB,0.87,0.983,0.493
p312_205_airportAnnouncement_-5dB,0.87,0.955,0.699
p312_205_white_noise_10dB,0.87,0.851,0.91
p312_205_train_coming_-5dB,0.87,0.952,0.573
p312_205_train_coming_0dB,0.87,0.914,0.689
p312_205_white_noise_-5dB,0.87,0.981,0.651
p335_256_airportAnnouncement_0dB,0.915,0.941,0.795
p335_256_babble_-5dB,0.915,0.985,0.554
p335_256_white_noise_0dB,0.915,0.966,0.819
p335_256_airportAnnouncement_-5dB,0.915,0.955,0.71
p335_256_train_coming_5dB,0.915,0.9,0.831
p335_256_white_noise_5dB,0.915,0.936,0.886
p335_256_airportAnnouncement_10dB,0.915,0.913,0.915
p335_256_white_noise_-5dB,0.915,0.982,0.731
p335_256_white_noise_10dB,0.915,0.865,0.934
p335_256_train_coming_10dB,0.915,0.887,0.901
p335_256_babble_5dB,0.915,0.942,0.815
p335_256_airportAnnouncement_5dB,0.915,0.928,0.863
p335_256_babble_0dB,0.915,0.965,0.69
p335_256_babble_10dB,0.915,0.908,0.903
p335_256_train_coming_-5dB,0.915,0.948,0.623
p335_256_train_coming_0dB,0.915,0.924,0.736
p304_082_airportAnnouncement_5dB,0.812,0.893,0.823
p304_082_airportAnnouncement_10dB,0.812,0.855,0.878
p304_082_babble_0dB,0.812,0.944,0.589
p304_082_babble_-5dB,0.812,0.974,0.441
p304_082_white_noise_-5dB,0.812,0.978,0.668
p304_082_train_coming_5dB,0.812,0.852,0.792
p304_082_white_noise_0dB,0.812,0.957,0.757
p304_082_train_coming_10dB,0.812,0.815,0.866
p304_082_train_coming_0dB,0.812,0.904,0.687
p304_082_babble_10dB,0.812,0.844,0.859
p304_082_airportAnnouncement_-5dB,0.812,0.941,0.679
p304_082_babble_5dB,0.812,0.901,0.735
p304_082_train_coming_-5dB,0.812,0.947,0.565
p304_082_white_noise_10dB,0.812,0.824,0.89
p304_082_white_noise_5dB,0.812,0.917,0.828
p304_082_airportAnnouncement_0dB,0.812,0.916,0.754
p326_039_airportAnnouncement_0dB,0.776,0.933,0.84
p326_039_white_noise_0dB,0.776,0.963,0.854
p326_039_white_noise_5dB,0.776,0.927,0.918
p326_039_white_noise_10dB,0.776,0.827,0.955
p326_039_airportAnnouncement_5dB,0.776,0.902,0.896
p326_039_babble_5dB,0.776,0.93,0.882
p326_039_train_coming_-5dB,0.776,0.953,0.681
p326_039_airportAnnouncement_10dB,0.776,0.865,0.932
p326_039_train_coming_10dB,0.776,0.847,0.947
p326_039_white_noise_-5dB,0.776,0.981,0.77
p326_039_train_coming_0dB,0.776,0.92,0.811
p326_039_babble_-5dB,0.776,0.98,0.641
p326_039_babble_0dB,0.776,0.958,0.782
p326_039_airportAnnouncement_-5dB,0.776,0.959,0.757
p326_039_babble_10dB,0.776,0.893,0.941
p326_039_train_coming_5dB,0.776,0.88,0.9
p301_130_babble_10dB,0.75,0.864,0.875
p301_130_white_noise_0dB,0.75,0.96,0.781
p301_130_train_coming_-5dB,0.75,0.941,0.579
p301_130_airportAnnouncement_-5dB,0.75,0.938,0.677
p301_130_babble_5dB,0.75,0.919,0.789
p301_130_train_coming_10dB,0.75,0.811,0.889
p301_130_white_noise_-5dB,0.75,0.981,0.695
p301_130_airportAnnouncement_5dB,0.75,0.864,0.801
p301_130_airportAnnouncement_10dB,0.75,0.819,0.863
p301_130_train_coming_0dB,0.75,0.899,0.694
p301_130_babble_-5dB,0.75,0.984,0.566
p301_130_babble_0dB,0.75,0.962,0.685
p301_130_white_noise_5dB,0.75,0.919,0.83
p301_130_airportAnnouncement_0dB,0.75,0.905,0.739
p301_130_train_coming_5dB,0.75,0.855,0.813
p301_130_white_noise_10dB,0.75,0.797,0.884
p285_080_white_noise_5dB,0.894,0.935,0.898
p285_080_train_coming_5dB,0.894,0.883,0.851
p285_080_babble_-5dB,0.894,0.982,0.646
p285_080_white_noise_-5dB,0.894,0.981,0.75
p285_080_white_noise_10dB,0.894,0.838,0.935
p285_080_babble_0dB,0.894,0.965,0.763
p285_080_airportAnnouncement_5dB,0.894,0.921,0.829
p285_080_babble_10dB,0.894,0.916,0.919
p285_080_white_noise_0dB,0.894,0.963,0.836
p285_080_airportAnnouncement_10dB,0.894,0.891,0.892
p285_080_train_coming_0dB,0.894,0.92,0.753
p285_080_airportAnnouncement_0dB,0.894,0.942,0.759
p285_080_train_coming_-5dB,0.894,0.954,0.632
p285_080_airportAnnouncement_-5dB,0.894,0.961,0.689
p285_080_babble_5dB,0.894,0.948,0.863
p285_080_train_coming_10dB,0.894,0.854,0.916
p347_115_train_coming_10dB,0.825,0.874,0.916
p347_115_babble_5dB,0.825,0.935,0.791
p347_115_babble_-5dB,0.825,0.982,0.488
p347_115_white_noise_-5dB,0.825,0.977,0.7
p347_115_airportAnnouncement_-5dB,0.825,0.954,0.742
p347_115_airportAnnouncement_10dB,0.825,0.885,0.91
p347_115_airportAnnouncement_5dB,0.825,0.913,0.873
p347_115_white_noise_10dB,0.825,0.865,0.933
p347_115_train_coming_-5dB,0.825,0.956,0.6
p347_115_white_noise_5dB,0.825,0.933,0.876
p347_115_airportAnnouncement_0dB,0.825,0.936,0.814
p347_115_babble_0dB,0.825,0.959,0.641
p347_115_white_noise_0dB,0.825,0.96,0.799
p347_115_babble_10dB,0.825,0.907,0.89
p347_115_train_coming_5dB,0.825,0.894,0.848
p347_115_train_coming_0dB,0.825,0.921,0.737
p248_142_airportAnnouncement_5dB,0.861,0.919,0.828
p248_142_train_coming_-5dB,0.861,0.96,0.63
p248_142_white_noise_-5dB,0.861,0.979,0.721
p248_142_babble_0dB,0.861,0.957,0.723
p248_142_airportAnnouncement_0dB,0.861,0.932,0.776
p248_142_babble_-5dB,0.861,0.978,0.618
p248_142_train_coming_0dB,0.861,0.929,0.736
p248_142_white_noise_5dB,0.861,0.925,0.866
p248_142_babble_5dB,0.861,0.93,0.816
p248_142_babble_10dB,0.861,0.888,0.881
p248_142_white_noise_0dB,0.861,0.957,0.797
p248_142_airportAnnouncement_-5dB,0.861,0.951,0.718
p248_142_airportAnnouncement_10dB,0.861,0.887,0.872
p248_142_train_coming_5dB,0.861,0.873,0.826
p248_142_train_coming_10dB,0.861,0.833,0.875
p248_142_white_noise_10dB,0.861,0.828,0.902
p237_198_white_noise_-5dB,0.622,0.979,0.679
p237_198_white_noise_0dB,0.622,0.953,0.75
p237_198_airportAnnouncement_5dB,0.622,0.837,0.789
p237_198_babble_-5dB,0.622,0.978,0.574
p237_198_airportAnnouncement_10dB,0.622,0.785,0.842
p237_198_white_noise_10dB,0.622,0.724,0.858
p237_198_white_noise_5dB,0.622,0.887,0.797
p237_198_airportAnnouncement_0dB,0.622,0.885,0.735
p237_198_babble_5dB,0.622,0.906,0.786
p237_198_babble_0dB,0.622,0.947,0.684
p237_198_babble_10dB,0.622,0.833,0.849
p237_198_train_coming_0dB,0.622,0.876,0.7
p237_198_train_coming_-5dB,0.622,0.927,0.571
p237_198_airportAnnouncement_-5dB,0.622,0.93,0.68
p237_198_train_coming_10dB,0.622,0.748,0.873
p237_198_train_coming_5dB,0.622,0.818,0.799
p264_012_babble_5dB,0.616,0.908,0.625
p264_012_airportAnnouncement_10dB,0.616,0.836,0.721
p264_012_white_noise_-5dB,0.616,0.98,0.548
p264_012_babble_-5dB,0.616,0.979,0.404
p264_012_airportAnnouncement_0dB,0.616,0.908,0.623
p264_012_white_noise_10dB,0.616,0.801,0.78
p264_012_train_coming_5dB,0.616,0.822,0.678
p264_012_train_coming_-5dB,0.616,0.939,0.441
p264_012_babble_10dB,0.616,0.832,0.754
p264_012_airportAnnouncement_-5dB,0.616,0.94,0.574
p264_012_airportAnnouncement_5dB,0.616,0.878,0.672
p264_012_train_coming_0dB,0.616,0.888,0.546
p264_012_babble_0dB,0.616,0.951,0.517
p264_012_train_coming_10dB,0.616,0.769,0.788
p264_012_white_noise_5dB,0.616,0.907,0.688
p264_012_white_noise_0dB,0.616,0.953,0.616
p284_016_babble_-5dB,0.848,0.973,0.526
p284_016_airportAnnouncement_10dB,0.848,0.913,0.847
p284_016_airportAnnouncement_-5dB,0.848,0.962,0.638
p284_016_airportAnnouncement_5dB,0.848,0.932,0.784
p284_016_babble_10dB,0.848,0.894,0.853
p284_016_train_coming_5dB,0.848,0.887,0.792
p284_016_white_noise_10dB,0.848,0.86,0.879
p284_016_train_coming_0dB,0.848,0.92,0.691
p284_016_babble_5dB,0.848,0.92,0.77
p284_016_train_coming_10dB,0.848,0.876,0.863
p284_016_babble_0dB,0.848,0.943,0.652
p284_016_white_noise_5dB,0.848,0.927,0.817
p284_016_airportAnnouncement_0dB,0.848,0.947,0.711
p284_016_train_coming_-5dB,0.848,0.952,0.592
p284_016_white_noise_0dB,0.848,0.961,0.743
p284_016_white_noise_-5dB,0.848,0.978,0.646
p263_014_babble_0dB,0.81,0.948,0.601
p263_014_airportAnnouncement_0dB,0.81,0.911,0.672
p263_014_train_coming_5dB,0.81,0.844,0.791
p263_014_white_noise_-5dB,0.81,0.974,0.574
p263_014_white_noise_0dB,0.81,0.952,0.688
p263_014_airportAnnouncement_10dB,0.81,0.867,0.847
p263_014_train_coming_-5dB,0.81,0.934,0.516
p263_014_white_noise_5dB,0.81,0.918,0.791
p263_014_white_noise_10dB,0.81,0.823,0.877
p263_014_airportAnnouncement_5dB,0.81,0.888,0.765
p263_014_train_coming_10dB,0.81,0.823,0.872
p263_014_airportAnnouncement_-5dB,0.81,0.933,0.58
p263_014_babble_-5dB,0.81,0.981,0.457
p263_014_train_coming_0dB,0.81,0.883,0.661
p263_014_babble_5dB,0.81,0.91,0.739
p263_014_babble_10dB,0.81,0.85,0.848
p234_003_airportAnnouncement_10dB,0.806,0.902,0.868
p234_003_white_noise_-5dB,0.806,0.982,0.72
p234_003_babble_5dB,0.806,0.936,0.833
p234_003_airportAnnouncement_-5dB,0.806,0.957,0.673
p234_003_white_noise_5dB,0.806,0.945,0.874
p234_003_train_coming_5dB,0.806,0.928,0.86
p234_003_white_noise_0dB,0.806,0.968,0.811
p234_003_babble_10dB,0.806,0.921,0.891
p234_003_train_coming_-5dB,0.806,0.97,0.683
p234_003_train_coming_10dB,0.806,0.91,0.905
p234_003_white_noise_10dB,0.806,0.888,0.911
p234_003_babble_-5dB,0.806,0.978,0.595
p234_003_train_coming_0dB,0.806,0.949,0.786
p234_003_airportAnnouncement_5dB,0.806,0.919,0.817
p234_003_babble_0dB,0.806,0.958,0.735
p234_003_airportAnnouncement_0dB,0.806,0.938,0.75
p249_035_train_coming_0dB,0.865,0.923,0.738
p249_035_white_noise_-5dB,0.865,0.984,0.681
p249_035_train_coming_10dB,0.865,0.903,0.911
p249_035_train_coming_5dB,0.865,0.913,0.848
p249_035_babble_5dB,0.865,0.949,0.785
p249_035_airportAnnouncement_5dB,0.865,0.929,0.782
p249_035_airportAnnouncement_0dB,0.865,0.941,0.704
p249_035_airportAnnouncement_-5dB,0.865,0.957,0.628
p249_035_train_coming_-5dB,0.865,0.943,0.606
p249_035_white_noise_10dB,0.865,0.9,0.909
p335_121_airportAnnouncement_10dB,0.864,0.874,0.898
p335_121_train_coming_-5dB,0.864,0.953,0.597
p335_121_white_noise_10dB,0.864,0.841,0.926
p335_121_airportAnnouncement_-5dB,0.864,0.954,0.73
p335_121_train_coming_5dB,0.864,0.877,0.838
p335_121_babble_0dB,0.864,0.943,0.658
p335_121_white_noise_0dB,0.864,0.963,0.813
p335_121_train_coming_10dB,0.864,0.857,0.898
p335_121_white_noise_5dB,0.864,0.934,0.88
p335_121_babble_-5dB,0.864,0.977,0.522
p335_121_airportAnnouncement_5dB,0.864,0.907,0.858
p335_121_babble_5dB,0.864,0.907,0.784
p335_121_babble_10dB,0.864,0.874,0.88
p335_121_train_coming_0dB,0.864,0.914,0.733
p335_121_white_noise_-5dB,0.864,0.981,0.711
p335_121_airportAnnouncement_0dB,0.864,0.926,0.801
p241_185_babble_0dB,0.824,0.958,0.611
p241_185_airportAnnouncement_0dB,0.824,0.931,0.596
p241_185_train_coming_5dB,0.824,0.867,0.724
p241_185_white_noise_0dB,0.824,0.954,0.66
p241_185_train_coming_10dB,0.824,0.837,0.839
p241_185_airportAnnouncement_5dB,0.824,0.922,0.683
p241_185_white_noise_-5dB,0.824,0.975,0.559
p241_185_babble_5dB,0.824,0.928,0.742
p241_185_airportAnnouncement_10dB,0.824,0.9,0.774
p241_185_babble_-5dB,0.824,0.98,0.478
p241_185_white_noise_5dB,0.824,0.918,0.748
p241_185_babble_10dB,0.824,0.887,0.841
p241_185_train_coming_0dB,0.824,0.906,0.574
p241_185_white_noise_10dB,0.824,0.846,0.865
p241_185_airportAnnouncement_-5dB,0.824,0.943,0.508
p241_185_train_coming_-5dB,0.824,0.949,0.442
p260_005_train_coming_0dB,0.825,0.942,0.716
p260_005_airportAnnouncement_0dB,0.825,0.955,0.739
p260_005_airportAnnouncement_-5dB,0.825,0.965,0.662
p260_005_babble_10dB,0.825,0.905,0.846
p260_005_white_noise_10dB,0.825,0.865,0.89
p260_005_babble_5dB,0.825,0.937,0.764
p260_005_white_noise_-5dB,0.825,0.98,0.653
p260_005_train_coming_-5dB,0.825,0.962,0.605
p260_005_white_noise_5dB,0.825,0.933,0.824
p260_005_train_coming_10dB,0.825,0.881,0.877
p260_005_babble_0dB,0.825,0.965,0.645
p260_005_train_coming_5dB,0.825,0.903,0.813
p260_005_babble_-5dB,0.825,0.981,0.514
p260_005_airportAnnouncement_5dB,0.825,0.942,0.798
p260_005_airportAnnouncement_10dB,0.825,0.924,0.846
p260_005_white_noise_0dB,0.825,0.962,0.741
p241_017_airportAnnouncement_0dB,0.834,0.949,0.72
p241_017_babble_10dB,0.834,0.901,0.888
p241_017_white_noise_10dB,0.834,0.849,0.904
p241_017_white_noise_0dB,0.834,0.965,0.759
p241_017_train_coming_5dB,0.834,0.879,0.797
p241_017_train_coming_10dB,0.834,0.871,0.873
p241_017_babble_-5dB,0.834,0.978,0.526
p241_017_airportAnnouncement_10dB,0.834,0.899,0.858
p241_017_train_coming_0dB,0.834,0.918,0.697
p241_017_babble_5dB,0.834,0.935,0.806
p241_017_airportAnnouncement_-5dB,0.834,0.965,0.64
p241_017_airportAnnouncement_5dB,0.834,0.934,0.794
p241_017_babble_0dB,0.834,0.957,0.686
p241_017_white_noise_5dB,0.834,0.933,0.846
p241_017_train_coming_-5dB,0.834,0.957,0.589
p241_017_white_noise_-5dB,0.834,0.982,0.654
p308_154_babble_10dB,0.737,0.862,0.945
p308_154_airportAnnouncement_10dB,0.737,0.855,0.929
p308_154_train_coming_5dB,0.737,0.854,0.905
p308_154_train_coming_0dB,0.737,0.899,0.822
p308_154_train_coming_-5dB,0.737,0.947,0.681
p308_154_white_noise_10dB,0.737,0.793,0.958
p308_154_airportAnnouncement_0dB,0.737,0.914,0.826
p308_154_airportAnnouncement_-5dB,0.737,0.939,0.749
p308_154_white_noise_5dB,0.737,0.924,0.927
p308_154_babble_5dB,0.737,0.929,0.89
p308_154_white_noise_0dB,0.737,0.96,0.859
p308_154_train_coming_10dB,0.737,0.813,0.942
p308_154_babble_0dB,0.737,0.96,0.795
p308_154_airportAnnouncement_5dB,0.737,0.886,0.886
p308_154_white_noise_-5dB,0.737,0.982,0.753
p308_154_babble_-5dB,0.737,0.984,0.644
p260_042_airportAnnouncement_0dB,0.879,0.938,0.759
p260_042_train_coming_5dB,0.879,0.905,0.854
p260_042_babble_5dB,0.879,0.941,0.82
p260_042_airportAnnouncement_10dB,0.879,0.906,0.88
p260_042_airportAnnouncement_-5dB,0.879,0.954,0.687
p260_042_train_coming_0dB,0.879,0.928,0.761
p260_042_white_noise_10dB,0.879,0.873,0.918
p260_042_babble_0dB,0.879,0.956,0.706
p260_042_babble_10dB,0.879,0.905,0.896
p260_042_airportAnnouncement_5dB,0.879,0.927,0.819
p260_042_white_noise_0dB,0.879,0.964,0.77
p260_042_train_coming_10dB,0.879,0.888,0.918
p260_042_white_noise_-5dB,0.879,0.98,0.679
p260_042_white_noise_5dB,0.879,0.939,0.854
p260_042_babble_-5dB,0.879,0.982,0.561
p260_042_train_coming_-5dB,0.879,0.957,0.64
p234_321_white_noise_0dB,0.864,0.962,0.802
p234_321_train_coming_10dB,0.864,0.832,0.848
p234_321_airportAnnouncement_0dB,0.864,0.929,0.822
p234_321_train_coming_5dB,0.864,0.876,0.777
p234_321_train_coming_-5dB,0.864,0.955,0.56
p234_321_train_coming_0dB,0.864,0.915,0.681
p234_321_white_noise_10dB,0.864,0.831,0.874
p234_321_white_noise_5dB,0.864,0.926,0.856
p234_321_babble_0dB,0.864,0.963,0.688
p234_321_airportAnnouncement_10dB,0.864,0.87,0.873
p234_321_airportAnnouncement_5dB,0.864,0.901,0.855
p234_321_airportAnnouncement_-5dB,0.864,0.956,0.753
p234_321_babble_10dB,0.864,0.886,0.844
p234_321_babble_-5dB,0.864,0.985,0.578
p234_321_babble_5dB,0.864,0.936,0.785
p234_321_white_noise_-5dB,0.864,0.982,0.724
p313_131_babble_-5dB,0.747,0.981,0.597
p313_131_train_coming_0dB,0.747,0.914,0.83
p313_131_babble_10dB,0.747,0.878,0.911
p313_131_train_coming_10dB,0.747,0.844,0.933
p313_131_airportAnnouncement_0dB,0.747,0.907,0.845
p313_131_white_noise_5dB,0.747,0.913,0.898
p313_131_white_noise_-5dB,0.747,0.98,0.752
p313_131_airportAnnouncement_-5dB,0.747,0.943,0.773
p313_131_airportAnnouncement_10dB,0.747,0.851,0.935
p313_131_babble_0dB,0.747,0.956,0.742
p313_131_airportAnnouncement_5dB,0.747,0.888,0.899
p313_131_train_coming_-5dB,0.747,0.948,0.711
p313_131_train_coming_5dB,0.747,0.885,0.901
p313_131_white_noise_10dB,0.747,0.795,0.939
p313_131_babble_5dB,0.747,0.928,0.843
p313_131_white_noise_0dB,0.747,0.96,0.834
p336_223_babble_10dB,0.788,0.892,0.883
p336_223_train_coming_10dB,0.788,0.874,0.899
p336_223_train_coming_5dB,0.788,0.9,0.827
p336_223_white_noise_10dB,0.788,0.841,0.894
p336_223_white_noise_-5dB,0.788,0.978,0.619
p336_223_white_noise_0dB,0.788,0.96,0.717
p336_223_airportAnnouncement_0dB,0.788,0.928,0.771
p336_223_white_noise_5dB,0.788,0.922,0.809
p336_223_airportAnnouncement_-5dB,0.788,0.95,0.691
p336_223_airportAnnouncement_10dB,0.788,0.882,0.878
p336_223_babble_-5dB,0.788,0.984,0.517
p336_223_babble_5dB,0.788,0.928,0.793
p336_223_babble_0dB,0.788,0.957,0.661
p336_223_train_coming_0dB,0.788,0.925,0.732
p336_223_airportAnnouncement_5dB,0.788,0.903,0.828
p336_223_train_coming_-5dB,0.788,0.957,0.606
p246_032_babble_0dB,0.85,0.954,0.767
p246_032_white_noise_-5dB,0.85,0.975,0.742
p246_032_white_noise_0dB,0.85,0.958,0.823
p246_032_train_coming_5dB,0.85,0.896,0.876
p246_032_airportAnnouncement_-5dB,0.85,0.961,0.743
p246_032_airportAnnouncement_10dB,0.85,0.888,0.925
p246_032_babble_-5dB,0.85,0.979,0.645
p246_032_airportAnnouncement_5dB,0.85,0.918,0.873
p246_032_train_coming_10dB,0.85,0.872,0.931
p246_032_train_coming_-5dB,0.85,0.961,0.684
p246_032_babble_10dB,0.85,0.901,0.93
p246_032_airportAnnouncement_0dB,0.85,0.942,0.814
p246_032_babble_5dB,0.85,0.934,0.87
p246_032_white_noise_10dB,0.85,0.85,0.947
p246_032_white_noise_5dB,0.85,0.928,0.89
p246_032_train_coming_0dB,0.85,0.933,0.787
p247_010_babble_0dB,0.857,0.94,0.682
p247_010_airportAnnouncement_10dB,0.857,0.876,0.915
p247_010_train_coming_10dB,0.857,0.865,0.923
p247_010_airportAnnouncement_5dB,0.857,0.911,0.861
p247_010_train_coming_5dB,0.857,0.885,0.852
p247_010_babble_10dB,0.857,0.882,0.908
p247_010_babble_5dB,0.857,0.917,0.816
p247_010_white_noise_-5dB,0.857,0.984,0.696
p247_010_babble_-5dB,0.857,0.976,0.521
p247_010_airportAnnouncement_0dB,0.857,0.933,0.785
p247_010_white_noise_10dB,0.857,0.845,0.931
p247_010_train_coming_0dB,0.857,0.909,0.753
p247_010_airportAnnouncement_-5dB,0.857,0.961,0.709
p247_010_white_noise_0dB,0.857,0.963,0.803
p247_010_white_noise_5dB,0.857,0.933,0.889
p247_010_train_coming_-5dB,0.857,0.944,0.611
p305_176_white_noise_5dB,0.81,0.932,0.881
p305_176_train_coming_5dB,0.81,0.907,0.836
p305_176_airportAnnouncement_10dB,0.81,0.876,0.914
p305_176_babble_0dB,0.81,0.961,0.703
p305_176_babble_-5dB,0.81,0.984,0.587
p305_176_white_noise_10dB,0.81,0.856,0.924
p305_176_train_coming_-5dB,0.81,0.959,0.636
p305_176_train_coming_0dB,0.81,0.932,0.755
p305_176_white_noise_0dB,0.81,0.96,0.801
p305_176_white_noise_-5dB,0.81,0.979,0.694
p305_176_babble_10dB,0.81,0.899,0.879
p305_176_babble_5dB,0.81,0.932,0.799
p305_176_airportAnnouncement_-5dB,0.81,0.952,0.767
p305_176_airportAnnouncement_5dB,0.81,0.903,0.884
p305_176_airportAnnouncement_0dB,0.81,0.928,0.838
p305_176_train_coming_10dB,0.81,0.874,0.892
p293_007_white_noise_5dB,0.826,0.932,0.825
p293_007_train_coming_0dB,0.826,0.905,0.683
p293_007_airportAnnouncement_5dB,0.826,0.912,0.784
p293_007_babble_5dB,0.826,0.93,0.768
p293_007_train_coming_-5dB,0.826,0.938,0.533
p293_007_train_coming_10dB,0.826,0.857,0.888
p293_007_babble_-5dB,0.826,0.983,0.488
p293_007_airportAnnouncement_0dB,0.826,0.928,0.711
p293_007_white_noise_10dB,0.826,0.854,0.898
p293_007_white_noise_-5dB,0.826,0.981,0.634
p293_007_babble_10dB,0.826,0.88,0.872
p293_007_airportAnnouncement_10dB,0.826,0.893,0.851
p293_007_white_noise_0dB,0.826,0.963,0.739
p293_007_airportAnnouncement_-5dB,0.826,0.953,0.64
p293_007_babble_0dB,0.826,0.957,0.636
p293_007_train_coming_5dB,0.826,0.87,0.807
p313_124_babble_10dB,0.724,0.857,0.838
p313_124_white_noise_5dB,0.724,0.918,0.806
p313_124_white_noise_-5dB,0.724,0.981,0.632
p313_124_white_noise_10dB,0.724,0.802,0.863
p313_124_babble_-5dB,0.724,0.979,0.432
p313_124_train_coming_-5dB,0.724,0.941,0.515
p313_124_airportAnnouncement_10dB,0.724,0.856,0.863
p313_124_train_coming_5dB,0.724,0.849,0.781
p313_124_babble_5dB,0.724,0.917,0.727
p313_124_white_noise_0dB,0.724,0.96,0.723
p313_124_airportAnnouncement_0dB,0.724,0.917,0.718
p313_124_airportAnnouncement_-5dB,0.724,0.939,0.624
p313_124_babble_0dB,0.724,0.953,0.591
p313_124_train_coming_0dB,0.724,0.9,0.663
p313_124_train_coming_10dB,0.724,0.813,0.848
p313_124_airportAnnouncement_5dB,0.724,0.897,0.81
p251_015_white_noise_0dB,0.872,0.962,0.741
p251_015_airportAnnouncement_10dB,0.872,0.907,0.869
p251_015_train_coming_0dB,0.872,0.914,0.716
p251_015_babble_5dB,0.872,0.93,0.773
p251_015_airportAnnouncement_-5dB,0.872,0.944,0.623
p251_015_white_noise_-5dB,0.872,0.978,0.635
p251_015_train_coming_10dB,0.872,0.883,0.913
p251_015_white_noise_10dB,0.872,0.882,0.903
p251_015_white_noise_5dB,0.872,0.936,0.83
p251_015_babble_0dB,0.872,0.958,0.637
p251_015_train_coming_5dB,0.872,0.898,0.842
p251_015_train_coming_-5dB,0.872,0.944,0.564
p251_015_airportAnnouncement_0dB,0.872,0.932,0.705
p251_015_babble_-5dB,0.872,0.98,0.484
p251_015_airportAnnouncement_5dB,0.872,0.924,0.792
p251_015_babble_10dB,0.872,0.897,0.884
p266_001_train_coming_10dB,0.72,0.827,0.875
p266_001_white_noise_5dB,0.72,0.907,0.828
p266_001_airportAnnouncement_0dB,0.72,0.888,0.755
p266_001_babble_-5dB,0.72,0.979,0.5
p266_001_white_noise_10dB,0.72,0.806,0.891
p266_001_airportAnnouncement_-5dB,0.72,0.918,0.67
p266_001_airportAnnouncement_5dB,0.72,0.866,0.836
p266_001_white_noise_-5dB,0.72,0.978,0.663
p266_001_airportAnnouncement_10dB,0.72,0.821,0.876
p266_001_train_coming_0dB,0.72,0.914,0.695
p266_001_babble_0dB,0.72,0.946,0.653
p266_001_babble_10dB,0.72,0.872,0.872
p266_001_white_noise_0dB,0.72,0.952,0.753
p266_001_babble_5dB,0.72,0.916,0.789
p266_001_train_coming_-5dB,0.72,0.957,0.571
p266_001_train_coming_5dB,0.72,0.867,0.793
p298_028_airportAnnouncement_5dB,0.736,0.882,0.826
p298_028_train_coming_-5dB,0.736,0.94,0.539
p298_028_white_noise_-5dB,0.736,0.979,0.646
p298_028_white_noise_10dB,0.736,0.783,0.887
p298_028_airportAnnouncement_-5dB,0.736,0.946,0.703
p298_028_babble_10dB,0.736,0.863,0.87
p298_028_train_coming_10dB,0.736,0.807,0.863
p298_028_train_coming_5dB,0.736,0.844,0.761
p298_028_airportAnnouncement_10dB,0.736,0.844,0.869
p298_028_babble_5dB,0.736,0.912,0.784
p298_028_train_coming_0dB,0.736,0.896,0.651
p298_028_white_noise_0dB,0.736,0.954,0.725
p298_028_babble_0dB,0.736,0.949,0.678
p298_028_babble_-5dB,0.736,0.979,0.553
p298_028_airportAnnouncement_0dB,0.736,0.918,0.767
p298_028_white_noise_5dB,0.736,0.908,0.801
p295_030_white_noise_5dB,0.815,0.921,0.835
p295_030_train_coming_0dB,0.815,0.905,0.62
p295_030_white_noise_0dB,0.815,0.957,0.745
p295_030_babble_0dB,0.815,0.948,0.598
p295_030_babble_10dB,0.815,0.874,0.842
p295_030_white_noise_-5dB,0.815,0.979,0.626
p295_030_babble_-5dB,0.815,0.979,0.457
p295_030_white_noise_10dB,0.815,0.816,0.891
p295_030_train_coming_5dB,0.815,0.859,0.741
p295_030_train_coming_10dB,0.815,0.832,0.843
p295_030_airportAnnouncement_0dB,0.815,0.937,0.787
p295_030_airportAnnouncement_5dB,0.815,0.909,0.843
p295_030_train_coming_-5dB,0.815,0.948,0.482
p295_030_airportAnnouncement_-5dB,0.815,0.957,0.724
p295_030_babble_5dB,0.815,0.908,0.739
p295_030_airportAnnouncement_10dB,0.815,0.866,0.88
p307_077_babble_-5dB,0.727,0.983,0.468
p307_077_airportAnnouncement_-5dB,0.727,0.933,0.628
p307_077_train_coming_0dB,0.727,0.919,0.668
p307_077_babble_5dB,0.727,0.934,0.711
p307_077_white_noise_0dB,0.727,0.948,0.706
p307_077_white_noise_-5dB,0.727,0.977,0.606
p307_077_train_coming_10dB,0.727,0.843,0.813
p307_077_airportAnnouncement_5dB,0.727,0.883,0.762
p307_077_white_noise_5dB,0.727,0.901,0.795
p307_077_airportAnnouncement_10dB,0.727,0.834,0.817
p307_077_white_noise_10dB,0.727,0.792,0.852
p307_077_airportAnnouncement_0dB,0.727,0.904,0.698
p307_077_train_coming_5dB,0.727,0.875,0.755
p307_077_babble_0dB,0.727,0.964,0.603
p307_077_train_coming_-5dB,0.727,0.953,0.548
p307_077_babble_10dB,0.727,0.889,0.802
p363_268_airportAnnouncement_0dB,0.805,0.935,0.794
p363_268_white_noise_0dB,0.805,0.961,0.735
p363_268_babble_10dB,0.805,0.89,0.865
p363_268_train_coming_10dB,0.805,0.868,0.906
p363_268_white_noise_5dB,0.805,0.929,0.822
p363_268_babble_-5dB,0.805,0.982,0.527
p363_268_babble_5dB,0.805,0.926,0.773
p363_268_train_coming_5dB,0.805,0.9,0.84
p363_268_white_noise_10dB,0.805,0.844,0.9
p363_268_airportAnnouncement_-5dB,0.805,0.957,0.716
p363_268_airportAnnouncement_5dB,0.805,0.916,0.864
p363_268_white_noise_-5dB,0.805,0.981,0.626
p363_268_babble_0dB,0.805,0.955,0.652
p363_268_airportAnnouncement_10dB,0.805,0.883,0.91
p363_268_train_coming_0dB,0.805,0.931,0.756
p363_268_train_coming_-5dB,0.805,0.958,0.631
p306_110_train_coming_0dB,0.739,0.907,0.777
p306_110_babble_5dB,0.739,0.905,0.851
p306_110_white_noise_10dB,0.739,0.83,0.928
p306_110_babble_-5dB,0.739,0.974,0.57
p306_110_train_coming_10dB,0.739,0.839,0.925
p306_110_babble_0dB,0.739,0.939,0.729
p306_110_airportAnnouncement_-5dB,0.739,0.948,0.687
p306_110_train_coming_5dB,0.739,0.87,0.877
p306_110_babble_10dB,0.739,0.867,0.913
p306_110_airportAnnouncement_10dB,0.739,0.863,0.912
p306_110_white_noise_-5dB,0.739,0.981,0.738
p306_110_white_noise_5dB,0.739,0.929,0.874
p306_110_train_coming_-5dB,0.739,0.952,0.635
p306_110_white_noise_0dB,0.739,0.961,0.816
p306_110_airportAnnouncement_0dB,0.739,0.925,0.773
p306_110_airportAnnouncement_5dB,0.739,0.898,0.854
p293_123_airportAnnouncement_-5dB,0.699,0.937,0.706
p293_123_babble_10dB,0.699,0.89,0.899
p293_123_train_coming_-5dB,0.699,0.949,0.66
p293_123_white_noise_5dB,0.699,0.912,0.889
p293_123_train_coming_5dB,0.699,0.872,0.861
p293_123_white_noise_0dB,0.699,0.963,0.821
p293_123_train_coming_0dB,0.699,0.914,0.77
p293_123_train_coming_10dB,0.699,0.816,0.912
p293_123_airportAnnouncement_0dB,0.699,0.92,0.796
p293_123_babble_5dB,0.699,0.942,0.842
p293_123_airportAnnouncement_5dB,0.699,0.888,0.864
p293_123_airportAnnouncement_10dB,0.699,0.851,0.916
p293_123_babble_-5dB,0.699,0.985,0.594
p293_123_white_noise_10dB,0.699,0.787,0.929
p293_123_babble_0dB,0.699,0.966,0.736
p293_123_white_noise_-5dB,0.699,0.981,0.729
p248_306_babble_-5dB,0.896,0.982,0.544
p248_306_white_noise_-5dB,0.896,0.979,0.657
p248_306_airportAnnouncement_10dB,0.896,0.867,0.866
p248_306_babble_5dB,0.896,0.945,0.743
p248_306_train_coming_0dB,0.896,0.945,0.665
p248_306_white_noise_0dB,0.896,0.959,0.761
p248_306_train_coming_5dB,0.896,0.923,0.755
p248_306_airportAnnouncement_0dB,0.896,0.91,0.752
p248_306_airportAnnouncement_5dB,0.896,0.878,0.837
p248_306_white_noise_5dB,0.896,0.93,0.848
p248_306_airportAnnouncement_-5dB,0.896,0.937,0.669
p248_306_babble_0dB,0.896,0.958,0.64
p248_306_train_coming_10dB,0.896,0.901,0.824
p248_306_babble_10dB,0.896,0.917,0.823
p248_306_white_noise_10dB,0.896,0.862,0.899
p248_306_train_coming_-5dB,0.896,0.965,0.579
p306_109_white_noise_-5dB,0.668,0.976,0.496
p306_109_babble_10dB,0.668,0.806,0.721
p306_109_train_coming_0dB,0.668,0.86,0.506
p306_109_white_noise_0dB,0.668,0.954,0.58
p306_109_train_coming_10dB,0.668,0.711,0.791
p306_109_airportAnnouncement_5dB,0.668,0.853,0.768
p306_109_white_noise_10dB,0.668,0.73,0.783
p306_109_train_coming_5dB,0.668,0.789,0.646
p306_109_babble_0dB,0.668,0.939,0.473
p306_109_airportAnnouncement_10dB,0.668,0.807,0.83
p306_109_airportAnnouncement_0dB,0.668,0.889,0.7
p306_109_babble_5dB,0.668,0.885,0.591
p306_109_train_coming_-5dB,0.668,0.928,0.371
p306_109_babble_-5dB,0.668,0.977,0.368
p306_109_airportAnnouncement_-5dB,0.668,0.92,0.624
p306_109_white_noise_5dB,0.668,0.895,0.637
p323_084_airportAnnouncement_-5dB,0.84,0.931,0.621
p323_084_babble_10dB,0.84,0.864,0.832
p323_084_train_coming_5dB,0.84,0.855,0.762
p323_084_white_noise_10dB,0.84,0.764,0.86
p323_084_airportAnnouncement_10dB,0.84,0.871,0.803
p323_084_train_coming_10dB,0.84,0.803,0.84
p323_084_babble_0dB,0.84,0.965,0.664
p323_084_babble_5dB,0.84,0.932,0.77
p323_084_airportAnnouncement_5dB,0.84,0.882,0.762
p323_084_airportAnnouncement_0dB,0.84,0.906,0.698
p323_084_train_coming_-5dB,0.84,0.947,0.535
p323_084_white_noise_0dB,0.84,0.949,0.703
p323_084_babble_-5dB,0.84,0.985,0.553
p323_084_white_noise_5dB,0.84,0.893,0.793
p323_084_white_noise_-5dB,0.84,0.976,0.596
p323_084_train_coming_0dB,0.84,0.901,0.665
p264_018_airportAnnouncement_10dB,0.727,0.895,0.744
p264_018_train_coming_0dB,0.727,0.903,0.613
p264_018_train_coming_5dB,0.727,0.865,0.714
p264_018_babble_5dB,0.727,0.904,0.678
p264_018_white_noise_0dB,0.727,0.961,0.667
p264_018_train_coming_-5dB,0.727,0.942,0.505
p264_018_babble_0dB,0.727,0.945,0.544
p264_018_babble_10dB,0.727,0.86,0.772
p264_018_airportAnnouncement_-5dB,0.727,0.955,0.56
p264_018_white_noise_5dB,0.727,0.924,0.74
p264_018_white_noise_-5dB,0.727,0.982,0.589
p264_018_white_noise_10dB,0.727,0.836,0.797
p264_018_babble_-5dB,0.727,0.974,0.423
p264_018_train_coming_10dB,0.727,0.835,0.794
p264_018_airportAnnouncement_5dB,0.727,0.926,0.687
p264_018_airportAnnouncement_0dB,0.727,0.939,0.625
p334_054_airportAnnouncement_10dB,0.843,0.908,0.927
p334_054_airportAnnouncement_-5dB,0.843,0.967,0.752
p334_054_train_coming_10dB,0.843,0.891,0.925
p334_054_babble_0dB,0.843,0.961,0.732
p334_054_train_coming_5dB,0.843,0.91,0.863
p334_054_white_noise_5dB,0.843,0.946,0.916
p334_054_babble_-5dB,0.843,0.981,0.572
p334_054_babble_5dB,0.843,0.949,0.857
p334_054_white_noise_10dB,0.843,0.876,0.954
p334_054_train_coming_-5dB,0.843,0.968,0.648
p334_054_white_noise_0dB,0.843,0.967,0.846
p334_054_white_noise_-5dB,0.843,0.981,0.734
p334_054_babble_10dB,0.843,0.928,0.922
p334_054_train_coming_0dB,0.843,0.942,0.761
p334_054_airportAnnouncement_5dB,0.843,0.933,0.887
p334_054_airportAnnouncement_0dB,0.843,0.952,0.828
p299_086_white_noise_0dB,0.831,0.96,0.828
p299_086_airportAnnouncement_0dB,0.831,0.928,0.78
p299_086_babble_0dB,0.831,0.946,0.702
p299_086_train_coming_0dB,0.831,0.924,0.72
p299_086_train_coming_10dB,0.831,0.826,0.878
p299_086_white_noise_5dB,0.831,0.916,0.878
p299_086_babble_5dB,0.831,0.903,0.802
p299_086_white_noise_-5dB,0.831,0.981,0.751
p299_086_babble_-5dB,0.831,0.979,0.598
p299_086_train_coming_-5dB,0.831,0.959,0.624
p299_086_airportAnnouncement_5dB,0.831,0.9,0.836
p299_086_airportAnnouncement_10dB,0.831,0.865,0.882
p299_086_airportAnnouncement_-5dB,0.831,0.951,0.717
p299_086_train_coming_5dB,0.831,0.866,0.806
p299_086_white_noise_10dB,0.831,0.804,0.907
p299_086_babble_10dB,0.831,0.855,0.879
p333_072_babble_0dB,0.876,0.943,0.66
p333_072_train_coming_10dB,0.876,0.853,0.871
p333_072_white_noise_-5dB,0.876,0.98,0.719
p333_072_babble_10dB,0.876,0.868,0.873
p333_072_train_coming_5dB,0.876,0.876,0.804
p333_072_white_noise_10dB,0.876,0.833,0.91
p333_072_airportAnnouncement_0dB,0.876,0.944,0.807
p333_072_babble_-5dB,0.876,0.979,0.503
p333_072_babble_5dB,0.876,0.91,0.792
p333_072_train_coming_-5dB,0.876,0.956,0.595
p333_072_airportAnnouncement_10dB,0.876,0.89,0.9
p333_072_airportAnnouncement_-5dB,0.876,0.961,0.736
p333_072_train_coming_0dB,0.876,0.92,0.706
p333_072_white_noise_0dB,0.876,0.964,0.821
p333_072_airportAnnouncement_5dB,0.876,0.922,0.862
p333_072_white_noise_5dB,0.876,0.936,0.878
p334_210_train_coming_5dB,0.767,0.891,0.895
p334_210_babble_5dB,0.767,0.924,0.857
p334_210_airportAnnouncement_5dB,0.767,0.911,0.928
p334_210_babble_0dB,0.767,0.958,0.747
p334_210_airportAnnouncement_10dB,0.767,0.877,0.957
p334_210_airportAnnouncement_-5dB,0.767,0.967,0.821
p334_210_white_noise_0dB,0.767,0.962,0.884
p334_210_train_coming_10dB,0.767,0.862,0.944
p334_210_train_coming_-5dB,0.767,0.963,0.707
p334_210_white_noise_-5dB,0.767,0.977,0.791
p334_210_babble_-5dB,0.767,0.981,0.613
p334_210_white_noise_10dB,0.767,0.836,0.965
p334_210_airportAnnouncement_0dB,0.767,0.945,0.882
p334_210_white_noise_5dB,0.767,0.929,0.939
p334_210_babble_10dB,0.767,0.887,0.931
p334_210_train_coming_0dB,0.767,0.931,0.816
p283_033_babble_5dB,0.872,0.947,0.756
p283_033_airportAnnouncement_10dB,0.872,0.919,0.871
p283_033_white_noise_5dB,0.872,0.939,0.837
p283_033_babble_10dB,0.872,0.909,0.85
p283_033_train_coming_5dB,0.872,0.891,0.824
p283_033_train_coming_10dB,0.872,0.888,0.892
p283_033_airportAnnouncement_5dB,0.872,0.933,0.814
p283_033_white_noise_-5dB,0.872,0.98,0.681
p283_033_train_coming_-5dB,0.872,0.952,0.592
p283_033_white_noise_10dB,0.872,0.874,0.895
p283_033_airportAnnouncement_0dB,0.872,0.942,0.751
p283_033_babble_0dB,0.872,0.967,0.648
p283_033_airportAnnouncement_-5dB,0.872,0.953,0.673
p283_033_train_coming_0dB,0.872,0.918,0.724
p283_033_white_noise_0dB,0.872,0.965,0.774
p283_033_babble_-5dB,0.872,0.986,0.526
p308_155_train_coming_0dB,0.754,0.915,0.752
p308_155_babble_0dB,0.754,0.942,0.729
p308_155_babble_5dB,0.754,0.912,0.828
p308_155_airportAnnouncement_10dB,0.754,0.892,0.867
p308_155_white_noise_-5dB,0.754,0.983,0.705
p308_155_train_coming_10dB,0.754,0.827,0.914
p308_155_babble_-5dB,0.754,0.977,0.592
p308_155_train_coming_5dB,0.754,0.862,0.856
p308_155_airportAnnouncement_0dB,0.754,0.946,0.764
p308_155_babble_10dB,0.754,0.871,0.894
p308_155_airportAnnouncement_-5dB,0.754,0.965,0.696
p308_155_white_noise_0dB,0.754,0.965,0.796
p308_155_train_coming_-5dB,0.754,0.954,0.623
p308_155_white_noise_5dB,0.754,0.929,0.873
p308_155_white_noise_10dB,0.754,0.841,0.916
p308_155_airportAnnouncement_5dB,0.754,0.922,0.819
p298_027_airportAnnouncement_5dB,0.753,0.905,0.836
p298_027_babble_-5dB,0.753,0.973,0.559
p298_027_train_coming_5dB,0.753,0.855,0.824
p298_027_train_coming_0dB,0.753,0.897,0.746
p298_027_babble_10dB,0.753,0.843,0.869
p298_027_babble_0dB,0.753,0.933,0.682
p298_027_train_coming_10dB,0.753,0.824,0.884
p298_027_babble_5dB,0.753,0.894,0.79
p298_027_white_noise_5dB,0.753,0.914,0.847
p298_027_airportAnnouncement_0dB,0.753,0.933,0.768
p298_027_train_coming_-5dB,0.753,0.944,0.614
p298_027_airportAnnouncement_-5dB,0.753,0.951,0.704
p298_027_white_noise_0dB,0.753,0.961,0.771
p298_027_airportAnnouncement_10dB,0.753,0.865,0.888
p298_027_white_noise_-5dB,0.753,0.981,0.691
p298_027_white_noise_10dB,0.753,0.816,0.912
p302_135_white_noise_10dB,0.786,0.805,0.915
p302_135_train_coming_0dB,0.786,0.915,0.731
p302_135_white_noise_0dB,0.786,0.96,0.754
p302_135_babble_5dB,0.786,0.908,0.809
p302_135_airportAnnouncement_-5dB,0.786,0.951,0.714
p302_135_babble_10dB,0.786,0.862,0.887
p302_135_babble_-5dB,0.786,0.977,0.528
p302_135_airportAnnouncement_0dB,0.786,0.925,0.792
p302_135_train_coming_-5dB,0.786,0.944,0.589
p302_135_train_coming_5dB,0.786,0.869,0.852
p302_135_train_coming_10dB,0.786,0.828,0.919
p302_135_airportAnnouncement_10dB,0.786,0.859,0.916
p302_135_white_noise_5dB,0.786,0.917,0.848
p302_135_babble_0dB,0.786,0.945,0.677
p302_135_airportAnnouncement_5dB,0.786,0.894,0.859
p302_135_white_noise_-5dB,0.786,0.981,0.657
p301_118_babble_-5dB,0.834,0.982,0.483
p301_118_white_noise_5dB,0.834,0.927,0.841
p301_118_babble_10dB,0.834,0.876,0.878
p301_118_babble_0dB,0.834,0.957,0.647
p301_118_airportAnnouncement_0dB,0.834,0.911,0.699
p301_118_train_coming_5dB,0.834,0.87,0.813
p301_118_babble_5dB,0.834,0.925,0.787
p301_118_white_noise_10dB,0.834,0.828,0.895
p301_118_airportAnnouncement_10dB,0.834,0.857,0.846
p301_118_white_noise_-5dB,0.834,0.982,0.676
p301_118_train_coming_-5dB,0.834,0.944,0.568
p301_118_white_noise_0dB,0.834,0.964,0.777
p301_118_airportAnnouncement_-5dB,0.834,0.939,0.614
p301_118_airportAnnouncement_5dB,0.834,0.889,0.779
p301_118_train_coming_0dB,0.834,0.904,0.693
p301_118_train_coming_10dB,0.834,0.833,0.891
p312_134_babble_0dB,0.916,0.956,0.605
p312_134_white_noise_0dB,0.916,0.961,0.746
p312_134_babble_5dB,0.916,0.938,0.733
p312_134_airportAnnouncement_10dB,0.916,0.903,0.862
p312_134_airportAnnouncement_0dB,0.916,0.934,0.767
p312_134_babble_10dB,0.916,0.906,0.83
p312_134_train_coming_5dB,0.916,0.898,0.764
p312_134_train_coming_-5dB,0.916,0.958,0.57
p312_134_babble_-5dB,0.916,0.981,0.482
p312_134_white_noise_10dB,0.916,0.867,0.879
p312_134_white_noise_5dB,0.916,0.933,0.823
p312_134_train_coming_10dB,0.916,0.88,0.83
p312_134_white_noise_-5dB,0.916,0.981,0.639
p312_134_train_coming_0dB,0.916,0.928,0.674
p312_134_airportAnnouncement_5dB,0.916,0.917,0.819
p312_134_airportAnnouncement_-5dB,0.916,0.951,0.703
p307_076_train_coming_5dB,0.691,0.855,0.863
p307_076_babble_10dB,0.691,0.831,0.893
p307_076_train_coming_0dB,0.691,0.911,0.795
p307_076_babble_0dB,0.691,0.937,0.757
p307_076_babble_5dB,0.691,0.89,0.842
p307_076_white_noise_0dB,0.691,0.948,0.871
p307_076_airportAnnouncement_5dB,0.691,0.846,0.902
p307_076_babble_-5dB,0.691,0.977,0.648
p307_076_airportAnnouncement_10dB,0.691,0.795,0.928
p307_076_white_noise_5dB,0.691,0.892,0.916
p307_076_train_coming_10dB,0.691,0.793,0.9
p307_076_white_noise_10dB,0.691,0.734,0.941
p307_076_airportAnnouncement_-5dB,0.691,0.933,0.806
p307_076_train_coming_-5dB,0.691,0.959,0.706
p307_076_airportAnnouncement_0dB,0.691,0.895,0.868
p307_076_white_noise_-5dB,0.691,0.976,0.794
p347_102_babble_0dB,0.821,0.956,0.789
p347_102_train_coming_0dB,0.821,0.922,0.774
p347_102_airportAnnouncement_5dB,0.821,0.92,0.865
p347_102_white_noise_10dB,0.821,0.858,0.943
p347_102_white_noise_-5dB,0.821,0.981,0.729
p347_102_white_noise_5dB,0.821,0.935,0.885
p347_102_white_noise_0dB,0.821,0.964,0.813
p347_102_babble_5dB,0.821,0.943,0.894
p347_102_airportAnnouncement_-5dB,0.821,0.958,0.693
p347_102_babble_10dB,0.821,0.91,0.943
p347_102_babble_-5dB,0.821,0.979,0.626
p347_102_train_coming_-5dB,0.821,0.947,0.632
p347_102_train_coming_10dB,0.821,0.886,0.941
p347_102_airportAnnouncement_0dB,0.821,0.938,0.774
p347_102_airportAnnouncement_10dB,0.821,0.894,0.919
p347_102_train_coming_5dB,0.821,0.9,0.878
p326_037_white_noise_0dB,0.699,0.964,0.794
p326_037_white_noise_-5dB,0.699,0.982,0.715
p326_037_airportAnnouncement_0dB,0.699,0.93,0.783
p326_037_babble_-5dB,0.699,0.976,0.566
p326_037_train_coming_5dB,0.699,0.871,0.842
p326_037_babble_5dB,0.699,0.911,0.801
p326_037_white_noise_10dB,0.699,0.809,0.906
p326_037_train_coming_0dB,0.699,0.906,0.744
p326_037_babble_10dB,0.699,0.864,0.879
p326_037_babble_0dB,0.699,0.945,0.698
p326_037_airportAnnouncement_5dB,0.699,0.906,0.852
p326_037_airportAnnouncement_-5dB,0.699,0.952,0.7
p326_037_train_coming_-5dB,0.699,0.944,0.636
p326_037_white_noise_5dB,0.699,0.92,0.854
p326_037_train_coming_10dB,0.699,0.832,0.898
p326_037_airportAnnouncement_10dB,0.699,0.871,0.896
p310_068_white_noise_0dB,0.689,0.954,0.787
p310_068_babble_5dB,0.689,0.913,0.793
p310_068_airportAnnouncement_0dB,0.689,0.893,0.834
p310_068_train_coming_-5dB,0.689,0.945,0.598
p310_068_train_coming_0dB,0.689,0.905,0.707
p310_068_babble_10dB,0.689,0.865,0.855
p310_068_babble_-5dB,0.689,0.979,0.575
p310_068_babble_0dB,0.689,0.948,0.696
p310_068_airportAnnouncement_10dB,0.689,0.822,0.892
p310_068_train_coming_5dB,0.689,0.858,0.789
p310_068_white_noise_-5dB,0.689,0.977,0.7
p310_068_airportAnnouncement_-5dB,0.689,0.93,0.77
p310_068_train_coming_10dB,0.689,0.802,0.854
p310_068_white_noise_5dB,0.689,0.907,0.842
p310_068_airportAnnouncement_5dB,0.689,0.859,0.872
p310_068_white_noise_10dB,0.689,0.785,0.88
p247_004_white_noise_-5dB,0.814,0.983,0.739
p247_004_airportAnnouncement_-5dB,0.814,0.942,0.664
p247_004_babble_0dB,0.814,0.961,0.7
p247_004_white_noise_0dB,0.814,0.964,0.821
p247_004_white_noise_10dB,0.814,0.851,0.916
p247_004_white_noise_5dB,0.814,0.931,0.874
p247_004_airportAnnouncement_5dB,0.814,0.913,0.839
p247_004_train_coming_10dB,0.814,0.866,0.909
p247_004_babble_5dB,0.814,0.926,0.82
p247_004_airportAnnouncement_10dB,0.814,0.886,0.89
p247_004_train_coming_0dB,0.814,0.917,0.774
p247_004_airportAnnouncement_0dB,0.814,0.927,0.759
p247_004_babble_-5dB,0.814,0.981,0.571
p247_004_babble_10dB,0.814,0.887,0.894
p247_004_train_coming_5dB,0.814,0.893,0.862
p247_004_train_coming_-5dB,0.814,0.945,0.668
